	samples	sample_name	n_genes	n_genes_by_counts	log1p_n_genes_by_counts	total_counts	log1p_total_counts	pct_counts_in_top_50_genes	pct_counts_in_top_100_genes	pct_counts_in_top_200_genes	pct_counts_in_top_500_genes	percent_mito	n_counts	predicted_doublet	predicted_doublet_TF	S_score	G2M_score	phase	leiden	Model	DTP	batch
TGGTTAGGTGTAAGTA-4-0	4	MIA DTP	5408	5407	8.5956346177228	24970.0	10.12547	26.331597917501	34.82979575490589	43.82458950740889	57.28874649579495	0.011093312	24970.0	False	False	-0.09438823974194305	-0.08578232626376944	G1	0	MIA	DTP	0
GTACTCCAGGTGTGGT-4-0	4	MIA DTP	5356	5355	8.585972706811063	22440.0	10.018645	28.502673796791445	36.292335115864525	45.04010695187166	57.80748663101605	0.012254902	22440.0	False	False	-0.07957598344208486	-0.09133027854610576	G1	0	MIA	DTP	0
CGCGGTATCCGTCAAA-4-0	4	MIA DTP	4373	4373	8.383433201236713	21559.0	9.978595	41.02231086785101	48.95867155248388	58.124217264251584	69.81770954125886	0.036643628	21559.0	False	False	-0.04044453800092236	-0.08401521786238797	G1	0	MIA	DTP	0
GTTCGGGTCCACGAAT-4-0	4	MIA DTP	4523	4522	8.416930769477844	17192.0	9.752257	32.80595625872499	42.36854350860865	51.04118194509074	62.78501628664495	0.041007444	17192.0	False	False	-0.04285307563501259	-0.1252503107581849	G1	0	MIA	DTP	0
ACCAGTAAGCCACCTG-4-0	4	MIA DTP	4754	4754	8.46695197497949	24702.0	10.11468	37.482794915391466	44.927536231884055	53.45720994251477	66.33875799530402	0.09825116	24702.0	False	False	-0.07449106893038238	-0.07568996677513681	G1	0	MIA	DTP	0
AACTCCCTCCTAGGGC-4-0	4	MIA DTP	4885	4885	8.494129251817686	20375.0	9.922113	33.60490797546012	41.37914110429448	50.017177914110434	62.26748466257669	0.05413497	20375.0	False	False	-0.06265703537068247	-0.12865825750825735	G1	0	MIA	DTP	0
ACGGAGAAGGTTCCTA-4-0	4	MIA DTP	5418	5416	8.597297435657898	26314.0	10.177895	34.760963745534696	44.13620126168579	53.017405183552476	64.45998327886296	0.028045908	26314.0	False	False	-0.108451217773253	-0.14391876601844278	G1	0	MIA	DTP	0
AGGGTGAAGGAGTTTA-4-0	4	MIA DTP	5169	5168	8.550434525196039	28463.0	10.256395	41.320310578645966	48.54372343041844	56.37845624143625	67.22060218529319	0.05758353	28463.0	False	False	-0.09718335742512779	-0.09802521106808687	G1	0	MIA	DTP	0
GTGCAGCGTATCAGTC-4-0	4	MIA DTP	3444	3444	8.144679183447758	10994.0	9.305196	31.098781153356374	40.46752774240495	50.14553392759687	62.83427323994907	0.06112425	10994.0	False	False	-0.1107229126137979	-0.06327808529626286	G1	0	MIA	DTP	0
GATCGTACAGAGTGTG-4-0	4	MIA DTP	5101	5100	8.537191877922927	28464.0	10.256431	39.379567172568855	47.667228780213605	56.85075885328836	69.05213603147835	0.01524733	28464.0	False	False	-0.08281455799117371	-0.057167750201689405	G1	0	MIA	DTP	0
CAGCCGACACGCGAAA-4-0	4	MIA DTP	4098	4098	8.318498320504338	16939.0	9.737433	38.95743550386682	47.42900997697621	56.366963811322975	67.66042859672943	0.047582503	16939.0	False	False	-0.0602648545570383	-0.1294292859431488	G1	0	MIA	DTP	0
GGATTACAGAAGGCCT-4-0	4	MIA DTP	4561	4560	8.4252971767117	20135.0	9.910265	35.818226967966226	45.61708467842066	54.983858952073504	65.93990563695058	0.059448723	20135.0	False	False	-0.06601703352261085	-0.13602546409324368	G1	0	MIA	DTP	0
GATGCTAAGCTAGGCA-4-0	4	MIA DTP	5296	5294	8.574518258035507	31208.0	10.348462	38.403614457831324	47.814662906946936	57.58459369392463	68.84132273775954	0.051140733	31208.0	False	False	-0.01979482738641701	-0.02787571996578772	G1	0	MIA	DTP	0
CAGAATCCAGCGAACA-4-0	4	MIA DTP	4703	4702	8.455955881945048	20589.0	9.932561	36.86920200106853	45.844868619165574	53.98513769488562	65.6758463257079	0.031230269	20589.0	False	False	-0.11211955682630748	-0.13625018705487973	G1	0	MIA	DTP	0
TAAGAGAAGCTACCGC-4-0	4	MIA DTP	4716	4715	8.458716261657262	17936.0	9.7946205	33.53033006244425	40.90098126672614	48.84032114183764	60.42038358608386	0.03646298	17936.0	False	False	-0.08132202719983249	-0.12604156595997312	G1	0	MIA	DTP	0
TGCGGGTCAAGAGGCT-4-0	4	MIA DTP	4298	4298	8.366137716496281	18557.0	9.828656	33.73928975588726	43.02958452336046	52.443821738427545	65.81882847443013	0.028991755	18557.0	False	False	-0.0300308254481009	-0.12701090567077059	G1	0	MIA	DTP	0
TAAACCGTCTTGAGGT-4-0	4	MIA DTP	3341	3340	8.114025442356757	12413.0	9.42658	38.0407637154596	48.30419721259969	57.64923870136147	69.24192378957544	0.027390638	12413.0	False	False	-0.07414219569430479	-0.058926280873485115	G1	0	MIA	DTP	0
AAAGCAATCTCAAGTG-4-0	4	MIA DTP	4442	4442	8.399085102935908	14412.0	9.575886	28.302803219539275	35.532889258950874	43.498473494310296	56.33499861226755	0.06543159	14412.0	False	False	-0.058454772498382324	-0.01569739258771924	G1	0	MIA	DTP	0
CATCCACGTACATCCA-4-0	4	MIA DTP	4328	4328	8.37309184744198	20622.0	9.934162	40.28222286878091	48.938027349432645	57.588982639899136	69.38706236058579	0.032780524	20622.0	False	False	-0.08721402954414043	-0.11963773636238827	G1	0	MIA	DTP	0
CGATCGGCAGCCTGTG-4-0	4	MIA DTP	3861	3861	8.258940462988459	16529.0	9.712933	29.469417387621753	39.609171758727086	50.474922862847116	65.44860548127534	0.014943433	16529.0	False	False	-0.04658958843070256	-0.06861064805746284	G1	0	MIA	DTP	0
ACAGCTAAGGATCGCA-4-0	4	MIA DTP	4138	4138	8.328209491748732	18734.0	9.838149	36.00939468346322	48.20646952065763	57.94277783708765	69.24308743461087	0.08978328	18734.0	False	False	-0.05306535748943646	-0.05232804484864334	G1	0	MIA	DTP	0
TGGCTGGCATACCATG-4-0	4	MIA DTP	4093	4092	8.317033476492403	15628.0	9.656883	35.206040440235476	45.1049398515485	53.98003583312004	65.55541336063476	0.09131047	15628.0	False	False	-0.07844742030353863	-0.09551006139710891	G1	0	MIA	DTP	0
GATCGCGCATTACCTT-4-0	4	MIA DTP	3950	3950	8.281723990411392	12195.0	9.408863	27.166871668716684	35.342353423534234	44.51004510045101	58.42558425584256	0.029520296	12195.0	False	False	-0.07494275169316085	-0.09060275030998605	G1	0	MIA	DTP	0
GTGAAGGCACTCTGTC-4-0	4	MIA DTP	2678	2678	7.893198869544609	9645.0	9.174298	34.99222395023328	43.836184551581134	53.810264385692065	68.97874546397097	0.02488336	9645.0	False	False	-0.02001878299331948	-0.03517963719922443	G1	0	MIA	DTP	0
GCTGCTTAGGACATTA-4-0	4	MIA DTP	3840	3839	8.253227645581772	14753.0	9.59927	34.33877855351454	44.11306175015251	53.277299532298514	65.66799972886871	0.03890734	14753.0	False	False	-0.08552848033895617	-0.0926557392215647	G1	0	MIA	DTP	0
CAGGTGCGTGTAAGTA-4-0	4	MIA DTP	4692	4691	8.453614209773367	37746.0	10.538661	35.41832247125523	45.17299846341334	55.76749854289196	70.13988237164203	0.009616913	37746.0	False	False	-0.00102378255550932	-0.006728246230487678	G1	0	MIA	DTP	0
GAGCAGATCTGCGGCA-4-0	4	MIA DTP	3979	3978	8.288785810426928	12018.0	9.394244	26.635047428856716	33.6578465634881	41.978698618738555	55.28374105508404	0.103344984	12018.0	False	False	-0.09822182181203275	-0.0701389205958903	G1	0	MIA	DTP	0
GCTGCTTGTTAAAGAC-4-0	4	MIA DTP	3662	3662	8.206037762778815	16484.0	9.710206	43.1873331715603	50.85537490900267	59.724581412278575	71.40863867993205	0.030211113	16484.0	False	False	-0.011042539849270727	-0.08570670054761836	G1	0	MIA	DTP	0
GTAACTGGTCACCCAG-4-0	4	MIA DTP	5397	5397	8.59378379357795	24023.0	10.086808	30.991133497065317	38.409024684677185	47.18394871581401	59.880114889897186	0.050618157	24023.0	False	False	-0.11035540613926931	-0.18508236866178024	G1	0	MIA	DTP	0
TTTCCTCTCTTACCGC-4-0	4	MIA DTP	5814	5814	8.668196064952765	34594.0	10.451465	30.256691911892236	39.634040585072555	49.38139561773718	62.67849916170434	0.00364225	34594.0	False	False	-0.09107628446315913	-0.10439109720103604	G1	0	MIA	DTP	0
GGTGCGTAGCTGCCCA-4-0	4	MIA DTP	4758	4756	8.467372496432281	24338.0	10.099835	40.90722327224916	48.27841235927357	56.376859232475965	67.69660613033118	0.0014791684	24338.0	False	False	-0.07255021683998587	-0.031088431881585082	G1	0	MIA	DTP	0
TACGGTAGTCTCAACA-4-0	4	MIA DTP	3914	3914	8.272570608424903	13231.0	9.490394	33.88254856019953	40.58650139823143	48.22764719220014	60.60766381981709	0.10082382	13231.0	False	False	-0.11195866196296139	-0.06491316648314063	G1	0	MIA	DTP	0
CTAATGGTCGCCTGAG-4-0	4	MIA DTP	4207	4207	8.344742754417545	16696.0	9.722984	35.73310972688069	45.471969333972204	54.50407283181601	65.82414949688548	0.061931003	16696.0	False	False	-0.06447366188109552	-0.15173297273404224	G1	0	MIA	DTP	0
CGTAGCGCAGCCAATT-4-0	4	MIA DTP	4777	4777	8.471777327885755	21457.0	9.973853	33.965605629864385	41.33849093535909	50.06291653073589	62.94915412219788	0.05373538	21457.0	False	False	-0.06638093183518867	-0.08249770311524804	G1	0	MIA	DTP	0
CCGTTCAAGAAAGTGG-4-0	4	MIA DTP	5518	5517	8.615770754777232	28378.0	10.253405	34.4879836493058	43.4808654591585	52.702797942067804	64.61695679751921	0.0029248009	28378.0	False	False	-0.10541789975249853	-0.12327155401540357	G1	0	MIA	DTP	0
CACATAGTCTAACGGT-4-0	4	MIA DTP	3795	3794	8.24143968982973	11132.0	9.317669	30.335968379446644	37.1900826446281	45.499461013295004	58.75853395616242	0.039705355	11132.0	False	False	-0.04597384712591955	-0.17467921135448158	G1	0	MIA	DTP	0
CAACCTCCAGTCACTA-4-0	4	MIA DTP	6251	6251	8.740656691541368	34653.0	10.453169	35.405304014082475	43.19683721467117	51.914697140218735	63.44905203012726	0.035494763	34653.0	False	False	-0.08094561338248207	-0.09409301964811576	G1	0	MIA	DTP	0
CGTCAGGAGTGTCCCG-4-0	4	MIA DTP	3609	3609	8.191463051326927	15281.0	9.634431	40.74995091944245	51.05686800602055	59.852103919900536	70.98357437340488	0.06930175	15281.0	False	False	-0.0808153342765377	-0.12361283409092366	G1	0	MIA	DTP	0
CCACCTAGTATAGGTA-4-0	4	MIA DTP	5989	5987	8.69751274553952	55756.0	10.928759	42.75773010976397	56.28811249013559	65.33467250161418	75.1470693736997	0.039206542	55756.0	False	False	-0.02757901698902393	-0.11933386212890257	G1	0	MIA	DTP	0
TGAGGGATCTCTGTCG-4-0	4	MIA DTP	5236	5233	8.562931083090092	26563.0	10.187312	32.842675902571244	41.392162029891196	50.871513006813984	63.716447690396414	0.044610925	26563.0	False	False	-0.09755230114661761	-0.14110772964976964	G1	0	MIA	DTP	0
CCTACCAGTAGTAGTA-4-0	4	MIA DTP	5001	5000	8.517393171418904	34431.0	10.446742	39.30179198977665	49.02268304725393	59.49289884116058	72.55380325869129	0.032354563	34431.0	False	False	-0.0479357667596376	-0.12225671414154342	G1	0	MIA	DTP	0
TCGTAGAGTGTGCGTC-4-0	4	MIA DTP	4418	4418	8.39366870513074	14840.0	9.605149	25.646900269541778	33.4366576819407	42.99191374663073	56.960916442048514	0.023517521	14840.0	False	False	-0.02973709693520915	-0.10998768276638451	G1	0	MIA	DTP	0
TCAGATGGTTATGCGT-4-0	4	MIA DTP	4396	4396	8.388677769180811	19218.0	9.863655	38.796961182225	47.341034446872726	55.57810386096368	66.85919450515142	0.028671037	19218.0	False	False	-0.08149544203866713	-0.06431525006158714	G1	0	MIA	DTP	0
GCATGTAGTAAATGTG-4-0	4	MIA DTP	4018	4017	8.29853954537488	19253.0	9.865474	41.80127772295227	49.41567547914611	57.87150054536955	69.67225886874773	0.090271644	19253.0	False	False	-0.03432804056370432	-0.06922828278389603	G1	0	MIA	DTP	0
GCTTGAACAGCTCCGA-4-0	4	MIA DTP	5056	5056	8.528528701079983	15236.0	9.631482	23.096613284326594	30.427933840903126	38.619060120766605	51.33893410343923	0.05447624	15236.0	False	False	-0.09040902274466138	-0.09477475467783739	G1	0	MIA	DTP	0
ATCCACCTCGATGAGG-4-0	4	MIA DTP	4848	4846	8.486115235845377	23944.0	10.083515	41.054126294687606	47.698797193451384	55.199632475776816	66.6388239224858	0.043601736	23944.0	False	False	-0.05319525123142531	-0.04888872767603675	G1	0	MIA	DTP	0
AACTCTTCACTGTTAG-4-0	4	MIA DTP	4505	4504	8.412943170042439	17366.0	9.762327	33.801681446504666	42.73292640792353	51.307151906023265	63.226995278129685	0.047449037	17366.0	False	False	-0.07120758270058489	-0.1023332976144927	G1	0	MIA	DTP	0
CTCGTCAAGTGAACAT-4-0	4	MIA DTP	4235	4235	8.351374706721296	15932.0	9.676147	33.69319608335425	41.40723073060507	50.02510670348983	62.60984182776801	0.05906352	15932.0	False	False	-0.08865106994065126	-0.12125687800431234	G1	0	MIA	DTP	0
GCGCCAACACTATCTT-4-0	4	MIA DTP	4151	4151	8.331345424845724	22245.0	10.009917	40.34164980894583	50.74398741290178	60.65632726455383	72.2229714542594	0.024769612	22245.0	False	False	-0.057625194670034574	-0.04724953156109005	G1	0	MIA	DTP	0
TTTACTGTCTCACATT-4-0	4	MIA DTP	4907	4907	8.498621805830801	21615.0	9.981189	32.33865371269952	41.85981956974324	51.63081193615545	64.18690724034235	0.040666204	21615.0	False	False	-0.0717416743187442	-0.1267540764952404	G1	0	MIA	DTP	0
CTCATTAAGAATTCCC-4-0	4	MIA DTP	4306	4305	8.367764677924308	14755.0	9.599405	35.59471365638767	41.66045408336157	48.95967468654693	60.52863436123348	0.07922738	14755.0	False	False	0.0033017431927880314	-0.11900044514329962	S	0	MIA	DTP	0
GCGCAACAGATCCCAT-4-0	4	MIA DTP	5393	5392	8.592857095337227	18994.0	9.851931	27.103295777613983	34.73202063809624	42.539749394545645	54.40138991260398	0.08844899	18994.0	False	False	0.15957170188088726	0.07524885133255355	S	0	MIA	DTP	0
ATAGACCCAATAGAGT-4-0	4	MIA DTP	4006	4004	8.29529885950246	14493.0	9.5814905	34.7616090526461	44.34554612571586	53.494790588559994	64.78989857172428	0.09114745	14493.0	False	False	0.008500027180070951	-0.05669348862128051	S	0	MIA	DTP	0
CCTACACCACCAACCG-4-0	4	MIA DTP	4043	4043	8.304989580140361	15133.0	9.6247	39.07354787550387	45.80056829445582	53.08266701909734	64.31639463424304	0.022467455	15133.0	False	False	0.04602353084007957	-0.12325862971592524	S	0	MIA	DTP	0
CTCAGAACAGGTGGAT-4-0	4	MIA DTP	5846	5846	8.67368398817567	23020.0	10.044162	28.10165073848827	35.199826238053866	43.1624674196351	55.20417028670721	0.052389227	23020.0	False	False	0.24685499575765757	0.13804879627999922	S	0	MIA	DTP	0
CCAGCGAGTTCCACTC-4-0	4	MIA DTP	4358	4358	8.379997952238393	20910.0	9.94803	38.761358201817316	47.82400765184122	56.97752271640364	68.78527020564323	0.038737446	20910.0	True	True	0.0038311342648332802	-0.040575505945828316	S	0	MIA	DTP	0
GAACCTAGTATATCCG-4-0	4	MIA DTP	4745	4745	8.465057436995709	16545.0	9.7139	34.92293744333635	42.21819280749471	49.46509519492294	60.09670595346026	0.12475068	16545.0	False	False	0.1151705167042365	-0.0886585431094831	S	0	MIA	DTP	0
CCGTACTAGAAACCGC-4-0	4	MIA DTP	4228	4226	8.34924780056679	29857.0	10.304208	55.8696453093077	62.07589509997655	68.63717051277757	77.8209465117058	0.02166996	29857.0	False	False	0.018966608332199375	-0.04439908794859787	S	0	MIA	DTP	0
GCTGCAGGTATAGGTA-4-0	4	MIA DTP	3668	3668	8.207674424355282	12520.0	9.435163	37.27635782747603	44.72843450479233	52.843450479233226	64.67252396166134	0.18809904	12520.0	False	False	0.013099094628993613	-0.058252164149058455	S	0	MIA	DTP	0
TTAGTTCAGTGGAGTC-4-0	4	MIA DTP	3714	3714	8.220133957151859	9256.0	9.133135	22.417891097666377	29.91573033707865	38.8504753673293	52.787381158167676	0.05099395	9256.0	False	False	0.008598770825856417	-0.035085126924473686	S	0	MIA	DTP	0
TGCGGGTCAACGATCT-4-0	4	MIA DTP	3646	3645	8.201385955238608	16102.0	9.686761	39.29946590485654	50.186312259346664	60.09191404794435	71.29549124332381	0.02049435	16102.0	False	False	0.024860603145220067	-0.04404111610826594	S	0	MIA	DTP	0
GTGCTTCCATCACGTA-4-0	4	MIA DTP	4817	4815	8.479698986988657	23034.0	10.04477	34.110445428497	44.92489363549536	54.21984891898932	65.78536077103412	0.028132327	23034.0	False	False	0.12333945712718494	0.09144150933554007	S	0	MIA	DTP	0
GGAGCAAGTCCTCCAT-4-0	4	MIA DTP	2939	2938	7.985824666418917	9833.0	9.193601	36.377504322180414	44.61507169734567	53.72724499135564	66.81582426522932	0.025221193	9833.0	False	False	0.015094679607275605	-0.1384574687244767	S	0	MIA	DTP	0
GGACAAGCATTCGACA-4-0	4	MIA DTP	3505	3504	8.16194579946869	13804.0	9.532786	33.54824688496088	42.31382208055636	51.840046363372934	66.08953926398145	0.06990727	13804.0	False	False	0.02420618214667239	-0.03475572650130715	S	0	MIA	DTP	0
GTTTCTATCTCTAGGA-4-0	4	MIA DTP	6964	6963	8.848509300888079	56497.0	10.94196	31.075986335557644	40.51719560330637	50.43807635803671	63.814007823424255	0.029346691	56497.0	False	False	0.23388614190998355	0.2169986572068483	S	0	MIA	DTP	0
GACTGCGAGCGTTTAC-4-0	4	MIA DTP	6621	6621	8.798152718107191	36775.0	10.512601	30.159075458871516	38.036709721278044	46.501699524133244	59.684568320870156	0.033120327	36775.0	True	True	0.4203128144089864	0.3689255825308866	S	0	MIA	DTP	0
GTTCTCGGTCCGAATT-4-0	4	MIA DTP	4751	4751	8.466320861042481	20064.0	9.906733	35.24720893141946	44.27332535885167	53.06020733652312	64.274322169059	0.031050637	20064.0	False	False	0.17365337424062957	-0.005554181147402082	S	0	MIA	DTP	0
GACGCGTAGGGAACGG-4-0	4	MIA DTP	4114	4113	8.322151070212902	20529.0	9.929643	39.953236884407424	51.001022943153586	60.24648058843587	71.55730917239028	0.037410494	20529.0	False	False	0.21601637869213003	0.19071422498047505	S	0	MIA	DTP	0
TGCGGGTCAACTTGAC-4-0	4	MIA DTP	4357	4356	8.379539026117442	14579.0	9.587406	29.364153920021952	38.39769531517937	47.28033472803347	59.79834007819467	0.057342753	14579.0	False	False	0.0003492730416223555	-0.1563990389243166	S	0	MIA	DTP	0
ACACCGGAGGAGTACC-4-0	4	MIA DTP	3195	3195	8.069655306886165	12150.0	9.405167	27.46502057613169	38.0	49.242798353909464	65.77777777777779	0.027572017	12150.0	False	False	0.13170176307683867	0.08860714244596102	S	0	MIA	DTP	0
TACTCGCCAGCATACT-4-0	4	MIA DTP	3242	3241	8.08394570229562	9982.0	9.208639	30.144259667401325	38.058505309557205	46.84431977559607	61.16008815868563	0.02203967	9982.0	False	False	0.01305223752503451	-0.14507460347749776	S	0	MIA	DTP	0
GCAGTTATCCATTCTA-4-0	4	MIA DTP	3473	3473	8.153061946801051	11175.0	9.321524	32.91275167785235	39.982102908277405	48.46532438478747	62.39821029082774	0.013691275	11175.0	False	False	0.00679243960969983	-0.04576900270250109	S	0	MIA	DTP	0
CGCCAAGTCCACGTGG-4-0	4	MIA DTP	3748	3748	8.229244416735913	15964.0	9.678154	35.14783262340266	44.4562766224004	54.53520420947131	67.64595339513906	0.020984715	15964.0	False	False	0.00019307963618106494	-0.1056198971113391	S	0	MIA	DTP	0
GAACGGATCGGTCCGA-4-0	4	MIA DTP	2725	2725	7.9105906122564775	13269.0	9.493261	36.491069409902785	50.19971361820785	62.016730725751756	75.75552038586179	0.014620544	13269.0	True	True	0.26880763155308707	0.08680557198405367	S	0	MIA	DTP	0
AATCGGTTCAAGCCTA-4-0	4	MIA DTP	4395	4395	8.388450315523512	19209.0	9.863186	38.84116820240512	48.28986412619084	56.411057316882705	67.45796241345204	0.066062786	19209.0	False	False	0.050598825727190294	-0.0756155382857869	S	0	MIA	DTP	0
ACTGAGTGTCGACTAT-4-0	4	MIA DTP	5701	5699	8.648221453822641	22489.0	10.020826	26.114989550446886	33.616434701409574	42.1450486904709	54.96020276579661	0.03579528	22489.0	False	False	0.0033634420150655264	-0.11569155710304119	S	0	MIA	DTP	0
GGTGCGTCAGCATACT-4-0	4	MIA DTP	4040	4040	8.304247465078474	15089.0	9.621788	33.3554244814103	41.89144409834979	50.53350122605872	63.15196500762145	0.04175227	15089.0	False	False	0.01289805570649949	-0.15210175165115608	S	0	MIA	DTP	0
TGCGCAGGTGCTGTAT-4-0	4	MIA DTP	3949	3949	8.281470857895167	9665.0	9.17637	17.092602172788414	24.55250905328505	33.19192964304191	48.2255561303673	0.008484221	9665.0	False	False	0.5520614712967156	0.4728352335585693	S	0	MIA	DTP	0
ACCAGTATCTGTCTCG-4-0	4	MIA DTP	5667	5667	8.64259160081057	34617.0	10.452129	39.006846347170466	48.36640956755352	56.63402374555854	67.62284426726752	0.015657047	34617.0	False	False	0.32280336295767176	0.11913514445302409	S	1	MIA	DTP	0
TTCGAAGTCGTGACAT-4-0	4	MIA DTP	6257	6256	8.741456115998364	29904.0	10.305781	27.85580524344569	35.87479935794543	44.89365971107544	57.35353130016051	0.050294276	29904.0	False	False	0.02838825550074639	-0.06012041993843492	S	0	MIA	DTP	0
CAGCAGCTCCCATTAT-4-0	4	MIA DTP	5023	5023	8.521981708148035	19647.0	9.885731	31.53153153153153	40.35730645900137	49.2746984272408	60.966050796559266	0.04214384	19647.0	False	False	0.05357069878586421	-0.06783602753145546	S	0	MIA	DTP	0
CAAGAAATCCTTGACC-4-0	4	MIA DTP	3422	3421	8.137980454452139	9043.0	9.109857	23.377197832577686	31.228574588079177	40.384828043790776	55.10339489107597	0.028972685	9043.0	False	False	0.01903389660835031	-0.10647240062914051	S	0	MIA	DTP	0
CGTTGGGAGATATGGT-4-0	4	MIA DTP	2807	2807	7.940227765145702	12954.0	9.469237	41.02979774587	50.5249343832021	60.35973444495909	74.07750501775513	0.10907828	12954.0	False	False	0.038169162878718396	-0.03338215537978903	S	0	MIA	DTP	0
CCTTTCTGTTCACCTC-4-0	4	MIA DTP	3594	3594	8.187299270155147	9740.0	9.184099	30.616016427104725	37.5564681724846	45.41067761806982	57.82340862422998	0.052772075	9740.0	False	False	0.00852534160948143	-0.13168192382109362	S	0	MIA	DTP	0
CTTCTCTAGAACAACT-4-0	4	MIA DTP	3565	3565	8.179199798423086	20124.0	9.9097185	49.438481415225596	60.34585569469291	67.42695289206917	76.72430928244881	0.002782747	20124.0	True	True	0.011076010982401421	-0.1239858872925383	S	0	MIA	DTP	0
CATCAGACACTGCCAG-4-0	4	MIA DTP	6388	6387	8.762176509334903	34214.0	10.440419	33.012801777050335	41.87759396738177	50.51440930613199	62.05062255217163	0.027737183	34214.0	False	False	0.02173272615710864	0.01923792327302576	S	0	MIA	DTP	0
GGGAATGGTCCGAATT-4-0	4	MIA DTP	5345	5342	8.583542571957771	18266.0	9.812851	12.963976787473996	19.44596518121099	28.13971312821636	43.73699770064601	0.010292347	18266.0	False	False	0.03670486214423871	-0.07271556254607864	S	0	MIA	DTP	0
GTCGTAAAGCCCAACC-4-0	4	MIA DTP	3537	3537	8.17131687471973	9335.0	9.141633	26.170326727370114	34.06534547402249	42.88162828066417	56.368505623995716	0.037707552	9335.0	False	False	0.016502046655673258	-0.092844734306894	S	0	MIA	DTP	0
TCAACGATCCTCCTAG-4-0	4	MIA DTP	4837	4837	8.484256691169973	18980.0	9.851193	32.7449947312961	39.16754478398314	47.302423603793464	59.76290832455216	0.04573235	18980.0	False	False	0.3677420894981401	0.3373531026125571	S	0	MIA	DTP	0
GACTAACCACTCGACG-4-0	4	MIA DTP	4550	4549	8.422882511944996	24897.0	10.122542	41.26601598586175	48.60826605615134	57.09121580913363	69.1689761818693	0.017150661	24897.0	False	False	0.00632931237276059	-0.061932708763234284	S	0	MIA	DTP	0
GCATGCGCAATGGACG-4-0	4	MIA DTP	5084	5083	8.533853632309345	29626.0	10.296441	34.422466752177144	42.89475460743941	52.5754404914602	65.9285762505907	0.004961858	29626.0	False	False	0.0033198781228789	-0.06928048392598943	S	0	MIA	DTP	0
CAAGATCGTACACCGC-4-0	4	MIA DTP	7293	7290	8.89439598980643	48372.0	10.786697	25.80004961548003	33.67237244687009	42.923592160754154	57.001984619201195	0.010295212	48372.0	False	False	0.007859312926225825	-0.051411216778553925	S	0	MIA	DTP	0
CTAGCCTTCTGTCAAG-4-0	4	MIA DTP	5846	5846	8.67368398817567	31212.0	10.34859	29.68089196462899	37.29014481609637	46.39882096629501	59.727028066128405	0.030308856	31212.0	False	False	0.304793232198471	-0.0059623603262231595	S	0	MIA	DTP	0
ACGCCGAAGAACTGTA-4-0	4	MIA DTP	4658	4658	8.446556111816797	28599.0	10.261162	32.238889471659846	41.87559005559635	52.49833910276583	67.56879611175216	0.09472359	28599.0	False	False	0.02802643262984103	-0.056354002743112336	S	0	MIA	DTP	0
CTAGTGATCACAACGT-4-0	4	MIA DTP	4495	4495	8.410943391573527	15599.0	9.655026	25.956792102057825	34.854798384511824	44.76569010834028	58.53580357715238	0.041541126	15599.0	False	False	0.07401347060336497	0.018412890668371207	S	0	MIA	DTP	0
ACGATACAGACCCACC-4-0	4	MIA DTP	6718	6716	8.812396905266864	34031.0	10.435057	25.185859951220944	33.32843583791249	43.222356087097054	56.815844377185506	0.025182921	34031.0	False	False	0.2516883929629341	0.15899505746662362	S	0	MIA	DTP	0
CCTACCAGTAGAAAGG-4-0	4	MIA DTP	5196	5196	8.555836815008442	28750.0	10.266428	30.688695652173912	41.47826086956522	51.41217391304348	64.4904347826087	0.039513044	28750.0	False	False	0.09077940156599223	0.023652672254248608	S	0	MIA	DTP	0
ACACCCTGTGATGCCC-4-0	4	MIA DTP	3418	3418	8.137103389639302	13248.0	9.491677	34.85054347826087	44.406702898550726	54.08363526570048	67.50452898550725	0.020229468	13248.0	False	False	0.012986265227672877	-0.021183067719347	S	0	MIA	DTP	0
TCGGTAAAGGCCCGTT-4-0	4	MIA DTP	5140	5140	8.545002892055505	26335.0	10.178692	41.602430225935066	50.442377064742736	58.610214543383336	69.02221378393773	0.031668883	26335.0	False	False	0.0066070868414241785	-0.01565107449080591	S	0	MIA	DTP	0
TCATTTGTCTCTAAGG-4-0	4	MIA DTP	3267	3267	8.091933455979893	14726.0	9.597438	41.32147222599484	53.307075920141244	62.71220969713433	74.07306804291728	0.0382317	14726.0	False	False	0.015462130874343893	-0.12421694549376548	S	0	MIA	DTP	0
TGGTTCCGTTATGTGC-4-0	4	MIA DTP	4658	4658	8.446556111816797	23884.0	10.081006	38.619996650477304	45.55769552838721	53.46256908390554	65.50829006866522	0.08637582	23884.0	False	False	-0.0634415382048303	0.007121326798103067	G2M	0	MIA	DTP	0
CTAACTTTCGTCCGTT-4-0	4	MIA DTP	5544	5544	8.620651899784468	20530.0	9.929691	29.60545543107647	35.81100828056503	43.30735509011203	55.12420847540185	0.060886506	20530.0	False	False	0.36420820990580555	0.4789537418309622	G2M	0	MIA	DTP	0
TGCTACCTCGCTTAGA-4-0	4	MIA DTP	4286	4286	8.363342466597977	25196.0	10.13448	39.875377043975234	49.55151611366884	59.5332592474996	72.23765677091602	0.014327671	25196.0	True	True	0.023368641031897272	0.4697875746563526	G2M	0	MIA	DTP	0
TAAGAGAGTCAATGTC-4-0	4	MIA DTP	2484	2483	7.81762544305337	10033.0	9.213735	42.0412638293631	51.87879996013156	61.417322834645674	74.10545200837237	0.005780923	10033.0	False	False	-0.08523102667547583	0.019549742738919268	G2M	0	MIA	DTP	0
GCAGTTAAGCTGTCTA-4-0	4	MIA DTP	5257	5257	8.567506005289827	18386.0	9.819399	24.116175350810398	31.736103557054278	40.63417817904927	53.79092787990862	0.036712717	18386.0	False	False	0.19826535663280018	0.42428596917151584	G2M	0	MIA	DTP	0
TACTTACTCCACTCCA-4-0	4	MIA DTP	5197	5197	8.556029215201436	16915.0	9.736015	28.0697605675436	34.95713863434821	42.58350576411469	54.18267809636418	0.049660064	16915.0	False	False	0.24566815924768004	0.2536391990129338	G2M	0	MIA	DTP	0
GGACAGAAGACACGAC-4-0	4	MIA DTP	6563	6563	8.789355452209982	36795.0	10.5131445	25.19364044027721	33.81437695339041	43.17162657969833	56.93436608234814	0.020464737	36795.0	False	False	0.24942856366740843	0.4446215124401319	G2M	0	MIA	DTP	0
CTCAGAAAGTCATCCA-4-0	4	MIA DTP	7772	7772	8.958411469230219	77138.0	11.253365	37.17882237029739	47.15185770955949	56.85006092976225	68.98804739557676	0.0060670488	77138.0	False	False	0.11019144768836085	0.24400936376422155	G2M	0	MIA	DTP	0
GCTGCAGCATTACGAC-4-0	4	MIA DTP	5360	5359	8.586719254064848	25057.0	10.128948	25.477910364369237	33.93462904577563	43.476872730175195	57.99177874446263	0.014047971	25057.0	False	False	0.3079674313929003	0.4875295624252438	G2M	0	MIA	DTP	0
CGGACACGTATAGGTA-4-0	4	MIA DTP	6537	6535	8.785080636539838	35897.0	10.488437	25.433880268546115	34.65470652143633	44.07610663843775	57.64548569518344	0.0048472015	35897.0	False	False	0.2693687239429729	0.3372256207527733	G2M	0	MIA	DTP	0
GCGAGAAAGGTGGGTT-4-0	4	MIA DTP	6285	6285	8.746080217357513	36051.0	10.492718	29.6330198884913	39.01417436409531	48.14013480902055	61.01356411750021	0.023993786	36051.0	False	False	0.2160926507544641	0.38397731994576334	G2M	0	MIA	DTP	0
CTCACACTCCAAAGTC-4-0	4	MIA DTP	5410	5409	8.596004371840527	21866.0	9.992734	28.510015549254554	35.56205981889692	43.8351779017653	56.39806091649135	0.030732645	21866.0	False	False	0.2260156128396524	0.5272583513810243	G2M	0	MIA	DTP	0
GCAAACTAGGACTGGT-4-0	4	MIA DTP	3947	3945	8.28045768658256	22777.0	10.03355	46.30109320806076	54.49795846687447	63.28752689116214	74.68498924353514	0.015585898	22777.0	False	False	0.013592808740156073	0.19693655643249564	G2M	0	MIA	DTP	0
GGGATGAAGATGTAAC-4-0	4	MIA DTP	5099	5099	8.536995818712418	23766.0	10.076054	28.439787932340316	36.73314819490028	45.80493141462594	59.6019523689304	0.01119246	23766.0	False	False	0.024395268139296794	0.1731369230482313	G2M	0	MIA	DTP	0
CTCCTAGAGCACAGGT-4-0	4	MIA DTP	5925	5924	8.686935966003333	31405.0	10.354754	29.5558032160484	37.57363477153319	47.08167489253304	60.37892055405191	0.04890941	31405.0	False	False	0.18207626815728128	0.3183220445237008	G2M	0	MIA	DTP	0
ACACTGAGTGAGCGAT-4-0	4	MIA DTP	6099	6099	8.716044050161402	30359.0	10.320881	28.400144932310024	36.928093810731575	45.99953885174084	59.02038934088738	0.039955202	30359.0	False	False	-0.07855748112572879	0.14716065166121822	G2M	0	MIA	DTP	0
CCCAATCAGATGCCTT-4-0	4	MIA DTP	3724	3724	8.22282213081366	9222.0	9.129456	21.600520494469748	28.941661244849275	37.25872912600304	51.648232487529825	0.048254173	9222.0	False	False	0.2653177881605561	0.4457446500004416	G2M	0	MIA	DTP	0
TGCCAAACAGACAAGC-4-0	4	MIA DTP	5597	5596	8.62998601889136	27820.0	10.233546	37.85406182602444	45.0431344356578	52.929547088425586	63.795830337886414	0.057728253	27820.0	False	False	0.04182546049937361	0.05273260647217637	G2M	0	MIA	DTP	0
GAAGCAGAGCTAGTTC-4-0	4	MIA DTP	4134	4134	8.327242607457793	12367.0	9.422868	32.96676639443681	40.36548880084095	47.901673809331285	59.35149995956982	0.14579122	12367.0	False	False	0.1339609352947605	0.1846873524063728	G2M	0	MIA	DTP	0
AATCGGTCACAACGCC-4-0	4	MIA DTP	4529	4529	8.41847721847708	21685.0	9.984422	35.45307816462993	44.985012681577125	54.52617016370763	67.07401429559603	0.017846437	21685.0	False	False	-0.05030068305872294	0.011618924695391997	G2M	0	MIA	DTP	0
GTGTTAGCATAGGATA-4-0	4	MIA DTP	6244	6244	8.739536422559677	32408.0	10.386191	30.88126388546038	38.16341644038509	46.63046161441619	59.59948160947914	0.01984078	32408.0	False	False	0.02781831356380829	0.1189690876582078	G2M	0	MIA	DTP	0
ATCCGAAGTGTGAAAT-4-0	4	MIA DTP	5366	5366	8.588024372176829	26850.0	10.198058	29.90689013035382	40.547486033519554	50.22346368715084	62.98696461824953	0.032216016	26850.0	False	False	0.27733649708681746	0.30676878289248183	G2M	0	MIA	DTP	0
GGGTCTGGTATGAATG-4-0	4	MIA DTP	4336	4335	8.374707543119483	14632.0	9.591035	27.576544559868783	36.16047020229634	45.646528157463095	59.233187534171684	0.033624932	14632.0	False	False	-0.05284319569851009	0.08489982759408349	G2M	0	MIA	DTP	0
CGTGTCTCAATGGATA-4-0	4	MIA DTP	3840	3840	8.253488028345904	12238.0	9.412383	34.940349730348096	41.48553685242687	49.1910442882824	61.36623631312305	0.02304298	12238.0	False	False	0.21503486793305354	0.2968125766356581	G2M	0	MIA	DTP	0
GAACGGAAGCACAGGT-4-0	4	MIA DTP	3258	3258	8.089175678837561	12753.0	9.4536	34.062573512114795	44.31114247628009	54.74790245432447	68.64267231239708	0.0024308006	12753.0	False	False	0.053101424667354624	0.0638614206043017	G2M	0	MIA	DTP	0
CTGTGCTCACCAGTTA-4-0	4	MIA DTP	4175	4174	8.336869637284956	14702.0	9.595807	33.709699360631205	40.7631614746293	48.65324445653653	60.876071282818664	0.02734322	14702.0	False	False	-0.12951420331748362	0.010828768560128599	G2M	0	MIA	DTP	0
AGGCCGTGTTGATTCG-4-0	4	MIA DTP	7465	7463	8.91784674252718	49132.0	10.802286	36.54034030774241	43.32817715541806	51.388097370349264	62.89383701050232	0.016018074	49132.0	False	False	0.23870145918674127	0.27779720201254093	G2M	0	MIA	DTP	0
GTAGGCCTCTTGTTTG-4-0	4	MIA DTP	5161	5159	8.548691858475609	20906.0	9.94784	33.63627666698555	40.543384674256195	48.64632163015402	60.236295800248726	0.021907587	20906.0	False	False	0.05861136779766332	0.12084586778455109	G2M	0	MIA	DTP	0
GTGCGGTTCTTACCTA-4-0	4	MIA DTP	6692	6692	8.808817483100642	23552.0	10.067009	16.363790760869566	22.881283967391305	30.532438858695656	43.350883152173914	0.021993887	23552.0	False	False	0.41892305798157625	0.5235881871133914	G2M	0	MIA	DTP	0
TGGCCAGTCGGTCTAA-4-0	4	MIA DTP	5227	5227	8.561784074744113	16267.0	9.696956	22.966742484785147	30.09159648367861	38.86395770578472	51.89033011618614	0.051146492	16267.0	False	False	0.3116218819607637	0.5497052441579735	G2M	0	MIA	DTP	0
ACATCAGCAGTTCATG-4-0	4	MIA DTP	5696	5696	8.647694999480395	22780.0	10.033682	29.244951712028094	37.717295873573306	46.31694468832309	57.73924495171203	0.049692713	22780.0	False	False	0.23693530306003135	0.34856219788649084	G2M	0	MIA	DTP	0
GTCTCGTTCCCATTAT-4-0	4	MIA DTP	3660	3659	8.205218426395412	10320.0	9.241936	26.434108527131784	33.924418604651166	42.53875968992248	56.395348837209305	0.04127907	10320.0	False	False	-0.13430190874622572	0.03466792275020525	G2M	0	MIA	DTP	0
GGCCGATAGCAAATCA-4-0	4	MIA DTP	4383	4383	8.385716828627851	15403.0	9.642383	33.636304615983896	40.59598779458547	48.25683308446407	59.99480620658313	0.061611373	15403.0	False	False	-0.07822314327568469	0.014266007527721836	G2M	0	MIA	DTP	0
TCAGCAAGTACATCCA-4-0	4	MIA DTP	4075	4074	8.312626025674962	25059.0	10.129028	44.52691647711401	53.6653497745321	62.628197454008536	74.11309310028334	0.055349376	25059.0	False	False	-0.006973057654413972	0.0023085966282728743	G2M	0	MIA	DTP	0
CGCCAAGTCTCGCATC-4-0	4	MIA DTP	4350	4349	8.37793112408273	18777.0	9.840442	37.37018693081962	45.150982585077486	54.11940139532406	66.27256750279598	0.032859348	18777.0	False	False	-0.011083269660454628	0.0045764173134763275	G2M	0	MIA	DTP	0
GCTGGGTGTACAGTTC-4-0	4	MIA DTP	3931	3930	8.27664912542186	12893.0	9.464518	30.163654696346853	38.48600015512294	47.35903203288606	60.389358566664086	0.04583883	12893.0	False	False	-0.05247102394358129	0.12394969572187192	G2M	0	MIA	DTP	0
TGGACGCGTCGGATCC-4-0	4	MIA DTP	3788	3788	8.239857411018601	13927.0	9.5416565	38.74488403819918	50.29798233646873	57.86601565304803	67.57377755439076	0.10210383	13927.0	False	False	0.1469106569485461	0.26062695719269613	G2M	1	MIA	DTP	0
ACGAGCCTCTTCCTTC-4-0	4	MIA DTP	4430	4429	8.39615486303918	23288.0	10.055737	35.03091721058056	44.61954654757815	54.56028856063209	67.90192373754724	0.04830814	23288.0	False	False	-0.04365719020616675	0.06571202766885026	G2M	0	MIA	DTP	0
ACGAGCCAGGCCGAAT-4-0	4	MIA DTP	4528	4528	8.418256443556213	18377.0	9.81891	27.56162594547532	35.223377047396205	44.13669260488654	58.779996735049245	0.0018501388	18377.0	False	False	0.10930261698999788	0.13998158608501476	G2M	0	MIA	DTP	0
CACACTCGTCGGCACT-4-0	4	MIA DTP	4026	4024	8.300280189852664	11182.0	9.32215	29.21659810409587	35.4408871400465	43.131818994813095	55.74137005902343	0.042926133	11182.0	False	False	-0.04849780638247926	0.035862642562563884	G2M	0	MIA	DTP	0
ACACTGACACGACTCG-4-0	4	MIA DTP	3528	3526	8.168202930236053	12147.0	9.40492	34.485881287560716	43.1135259734914	52.20218984111303	64.78142751296616	0.030295547	12147.0	True	True	-0.032894064284182775	0.2660742356384961	G2M	0	MIA	DTP	0
TAAACCGCACGAAACG-4-0	4	MIA DTP	5381	5380	8.59062950948942	23465.0	10.063308	31.127210739399104	39.13914340507138	47.42382271468144	59.73577668868527	0.067803115	23465.0	False	False	-0.020254480200522118	0.024137792661208524	G2M	0	MIA	DTP	0
GTACTTTGTGTCGCTG-4-0	4	MIA DTP	4657	4656	8.446126742982377	17158.0	9.750278	33.32556241986245	41.042079496444806	49.39969693437464	60.85208066208183	0.087772466	17158.0	False	False	-0.04677259213183797	0.024514573694404906	G2M	0	MIA	DTP	0
GGGAATGGTATGCTTG-4-0	4	MIA DTP	4960	4960	8.509362612301048	25387.0	10.142032	40.94615354315201	47.51644542482373	55.016346949225984	66.48678457478236	0.031827312	25387.0	False	False	0.07685138089198582	0.15647713137946184	G2M	0	MIA	DTP	0
GGACAGAAGCGACGTA-4-0	4	MIA DTP	6731	6731	8.814627555310697	69989.0	11.156108	37.987398019688804	47.14169369472346	56.8117847090257	69.29374616011087	0.00072868593	69989.0	False	False	-0.05686749366075058	0.014184936175153345	G2M	0	MIA	DTP	0
GTACTTTGTCGACTGC-4-0	4	MIA DTP	2913	2913	7.97728198675515	11964.0	9.389741	39.04212637913741	48.5456369107322	58.44199264460047	71.74022066198596	0.045302574	11964.0	False	False	-0.04674458515488187	0.00842746263121244	G2M	0	MIA	DTP	0
CGCTTCAGTTAAGACA-4-0	4	MIA DTP	5605	5605	8.631592731724734	26592.0	10.188403	30.74608904933815	40.03083634175692	48.78158844765343	61.11236462093863	0.038507823	26592.0	False	False	0.21953942032763904	0.39185919585051365	G2M	0	MIA	DTP	0
CCGGGATCAAATACAG-4-0	4	MIA DTP	5974	5974	8.695339376799712	24853.0	10.120774	28.821470245040842	36.43825695087112	45.069005753832535	56.72554621172494	0.060153704	24853.0	False	False	0.3104356779394519	0.3406672136830832	G2M	0	MIA	DTP	0
AGCGGTCCAATACGCT-4-0	4	MIA DTP	3370	3370	8.12296471523406	8732.0	9.074864	27.233165368758588	34.917544663307375	43.70132844709116	57.32936326156665	0.025881814	8732.0	False	False	-0.1858993688395604	0.0038942884105120368	G2M	0	MIA	DTP	0
CTTCTCTGTACTCAAC-4-0	4	MIA DTP	3836	3835	8.252185436003328	18170.0	9.807582	34.72757292239956	43.186571271326365	52.971931755641165	67.07760044028619	0.0019812877	18170.0	False	False	-0.05396297499776445	0.004901964432406702	G2M	0	MIA	DTP	0
GCGCGATCACTAAGTC-3-1	3	MIA Parental	2751	2751	7.920083199053234	12459.0	9.430279	39.74636808732643	54.90809856328759	65.12561200738422	75.78457340075447	0.07994221	12459.0	False	False	-0.0001344899027664742	-0.07830011320976632	G1	1	MIA	Parental	1
TACGGTAGTAAAGGAG-3-1	3	MIA Parental	2753	2753	7.9208096792886	12579.0	9.439863	37.17306622148024	52.53994753160028	63.19262262500994	75.30010334684792	0.07178631	12579.0	False	False	-0.0012591164582104464	-0.11233390517321051	G1	1	MIA	Parental	1
TGACAACTCTCCCTGA-3-1	3	MIA Parental	2843	2843	7.952966790923131	14006.0	9.547313	39.91146651435099	54.52663144366699	65.05783235756104	76.11023846922748	0.052263316	14006.0	False	False	-0.03754490416872922	-0.10200286486557493	G1	1	MIA	Parental	1
GTATCTTTCGAATCCA-3-1	3	MIA Parental	2784	2783	7.931644021454311	12399.0	9.425451	40.503266392451	55.109283006694085	64.69876602951851	75.67545769820147	0.08678119	12399.0	False	False	-0.01719670145122794	-0.09822690230212675	G1	1	MIA	Parental	1
ACTTACTCATAGAAAC-3-1	3	MIA Parental	2190	2190	7.692113339595466	9818.0	9.192075	41.525768995722146	58.80016296598085	68.64941943369321	79.61906701975963	0.064066	9818.0	False	False	-0.027870911067131562	-0.11571191776219779	G1	1	MIA	Parental	1
GTCTCGTAGTGAACGC-3-1	3	MIA Parental	2961	2961	7.993619994827744	16447.0	9.707959	46.95081169818204	64.04207454246975	71.9888125494011	80.40980117954642	0.03702803	16447.0	False	False	-0.03664090168379043	-0.07663018943727479	G1	1	MIA	Parental	1
GTGCTTCCATCGGAAG-3-1	3	MIA Parental	3238	3238	8.08301991917133	21046.0	9.954514	47.43419177040768	64.79140929392759	73.11128005321676	81.03677658462416	0.048560295	21046.0	False	False	-0.03423813640586012	-0.11335689717587678	G1	1	MIA	Parental	1
CTGGTCTAGAGAGCTC-3-1	3	MIA Parental	2462	2462	7.809135398120538	9231.0	9.130431	39.34568302459105	53.190336908243964	63.438414039649004	74.80229660925144	0.08243961	9231.0	False	False	-0.037215019901858236	-0.12189357615461852	G1	1	MIA	Parental	1
AGTTGGTAGTTCGATC-3-1	3	MIA Parental	4315	4315	8.370084326378025	30661.0	10.330779	38.44623463031212	54.975375884674335	65.14138482110825	76.03796353674048	0.042007763	30661.0	False	False	-0.019816364237269804	-0.12518980767991805	G1	1	MIA	Parental	1
TAGTGGTGTAGGGTAC-3-1	3	MIA Parental	4027	4027	8.301025253838453	26214.0	10.174088	40.15411612115663	56.44312199588006	66.35385671778438	76.6803997863737	0.04272526	26214.0	False	False	-0.012466052594433119	-0.12508323170007252	G1	1	MIA	Parental	1
CCACGGAAGCGAAGGG-3-1	3	MIA Parental	4367	4367	8.38206051742474	27709.0	10.229548	38.7527518134902	54.328918401963264	64.35815078133459	75.16330434154968	0.040636618	27709.0	False	False	-0.06505968414528294	-0.15388278854396403	G1	1	MIA	Parental	1
CTAATGGCACAAGACG-3-1	3	MIA Parental	4908	4907	8.498621805830801	35414.0	10.474891	40.5432879652115	55.989156830631956	65.67741571130061	75.82029705766081	0.05407466	35414.0	False	False	-0.01239806632774422	-0.11351675991350776	G1	1	MIA	Parental	1
ACGGCCAGTAAATGTG-3-1	3	MIA Parental	3247	3247	8.085794701281568	16484.0	9.710206	40.0145595729192	55.73283183693278	65.66974035428295	75.92817277359865	0.08596215	16484.0	False	False	-0.08029480641369993	-0.1445913817942091	G1	1	MIA	Parental	1
CACTCCAAGTTCGATC-3-1	3	MIA Parental	4055	4054	8.307705966549513	24262.0	10.096708	39.34135685434012	54.69870579507048	64.10848240046163	74.70117879812051	0.034828126	24262.0	False	False	-0.003077928472265276	-0.0813153176139286	G1	1	MIA	Parental	1
TTAACTCTCAAGGCTT-3-1	3	MIA Parental	4213	4213	8.346167594364134	28062.0	10.242208	40.21452498040054	56.46782125293992	65.90406956025943	75.7893236405103	0.048107762	28062.0	False	False	-0.047873578276305964	-0.08095889169527065	G1	1	MIA	Parental	1
TATCTCAGTCTCCACT-3-1	3	MIA Parental	3913	3913	8.272315147956022	24112.0	10.090507	43.662906436629065	60.1401791639018	69.09837425348374	77.8865295288653	0.052878235	24112.0	False	False	-0.043584819020032	-0.11670015086191263	G1	1	MIA	Parental	1
GTCACGGAGAACAACT-3-1	3	MIA Parental	5451	5451	8.603737792816423	57458.0	10.958827	40.41734832399318	55.856451669045214	65.53482543771102	75.82233979602492	0.030752897	57458.0	False	False	-0.040637644196686085	-0.09526674363450897	G1	1	MIA	Parental	1
TTTATGCTCTGCCCTA-3-1	3	MIA Parental	3138	3138	8.051659556841953	17540.0	9.772296	38.97377423033067	55.541619156214374	66.05473204104904	77.08665906499431	0.03050171	17540.0	False	False	-0.013129881273632488	-0.12321414976259638	G1	1	MIA	Parental	1
TTGCGTCCATGCATGT-3-1	3	MIA Parental	2672	2672	7.890956716138919	12994.0	9.47232	40.426350623364634	56.59535170078498	66.73849468985685	78.08988764044943	0.09596737	12994.0	False	False	-0.04535627182754151	-0.14297666393611885	G1	1	MIA	Parental	1
ATGGGAGCAAAGCGGT-3-1	3	MIA Parental	3113	3113	8.043663352393944	13908.0	9.540292	39.09979867702042	52.854472246189246	62.51078515962036	73.83520276100086	0.07039114	13908.0	False	False	-0.0013732220724780309	-0.07524237521859103	G1	1	MIA	Parental	1
GGGTTGCAGGAGTAGA-3-1	3	MIA Parental	3771	3771	8.235360643753348	23559.0	10.067306	39.7937094104164	55.3801095122883	65.39326796553334	75.88182860053483	0.045163207	23559.0	False	False	-0.006849019050362837	-0.10667384666784582	G1	1	MIA	Parental	1
ATGTGTGTCTCGAGTA-3-1	3	MIA Parental	1743	1743	7.463936604468925	8389.0	9.034796	44.97556323757301	62.915722970556686	72.36857789963047	82.9061866730242	0.001311241	8389.0	False	False	-0.006493859311077231	-0.02123210308985088	G1	1	MIA	Parental	1
AAACGGGTCCAAGTAC-3-1	3	MIA Parental	3426	3426	8.139440521874608	19733.0	9.890099	40.38412811027213	56.352303248365686	66.86768357573608	77.38813155627628	0.04368317	19733.0	False	False	-0.08489500817445482	-0.14148486923493775	G1	1	MIA	Parental	1
GTATTCTCAACACGCC-3-1	3	MIA Parental	2168	2168	7.682021510826875	9254.0	9.132919	40.29608817808516	57.045601901880275	67.37626972120164	78.48497946833801	0.07240112	9254.0	False	False	-0.024730677402316575	-0.05896036446248529	G1	1	MIA	Parental	1
TGTGGTACACGGCTAC-3-1	3	MIA Parental	3815	3815	8.246958032568177	21568.0	9.9790125	34.453820474777444	48.265949554896146	59.23126854599406	72.0558234421365	0.061619066	21568.0	False	False	-0.013265879748928205	-0.14527100103872792	G1	1	MIA	Parental	1
TTCCCAGGTCCGAAGA-3-1	3	MIA Parental	2529	2529	7.835974581721566	12632.0	9.444068	42.368587713742876	57.88473717542748	67.51899936668778	78.46738442051931	0.06792273	12632.0	False	False	-0.0481047215592323	-0.07886720894740432	G1	1	MIA	Parental	1
GATCTAGAGTAGCGGT-3-1	3	MIA Parental	3507	3507	8.162801353492073	20541.0	9.930227	41.37578501533518	56.63794362494523	66.74942797332164	77.33800691300327	0.035976827	20541.0	False	False	-0.02689427453560385	-0.14365781883450032	G1	1	MIA	Parental	1
ATCATGGTCAGCTCGG-3-1	3	MIA Parental	3888	3888	8.265907334155747	27936.0	10.237707	45.31428980526918	61.91294387170676	71.04810996563575	80.08662657502865	0.05917096	27936.0	False	False	-0.06035233216023346	-0.11891987896704859	G1	1	MIA	Parental	1
GATGAAAGTACAGTTC-3-1	3	MIA Parental	2601	2601	7.86403565907245	10261.0	9.236203	36.33174154565832	51.876035474125324	61.89455218789591	73.71601208459214	0.03674106	10261.0	False	False	-0.024774923578709876	-0.1147850336030472	G1	1	MIA	Parental	1
TCGTAGAGTGGTACAG-3-1	3	MIA Parental	2951	2951	7.990238185720363	13550.0	9.514215	39.11439114391143	54.3690036900369	64.17712177121771	75.01845018450184	0.07335793	13550.0	False	False	-0.017479052050684882	-0.1017655513083288	G1	1	MIA	Parental	1
TTAGGACCACCAGCAC-3-1	3	MIA Parental	4352	4352	8.378620541552298	29588.0	10.295158	41.54048938758956	57.47938353386508	66.73989455184535	76.48032986345817	0.049513318	29588.0	False	False	-0.012066956658202163	-0.05881412187390653	G1	1	MIA	Parental	1
AGCGTATTCGAACGGA-3-1	3	MIA Parental	3413	3413	8.135639903354386	18737.0	9.838309	41.041788973688426	57.26103431712654	66.73960612691467	76.86929604525805	0.044884454	18737.0	False	False	-0.029109364287693826	-0.07855787347042796	G1	1	MIA	Parental	1
CAAGGCCTCAAGGCTT-3-1	3	MIA Parental	2673	2673	7.891330757661889	12557.0	9.438113	39.858246396432264	56.74922354065461	66.39324679461654	76.57880066894958	0.07828303	12557.0	False	False	-0.010749722244767182	-0.05847375378538883	G1	1	MIA	Parental	1
GGAAAGCTCCATGCTC-3-1	3	MIA Parental	4651	4651	8.445052513638554	32491.0	10.388749	38.12748145640331	52.651503493275065	62.96512880489982	74.04204241174479	0.03468653	32491.0	False	False	-0.029214247461898282	-0.12055225930883391	G1	1	MIA	Parental	1
GATCAGTAGGGTGTTG-3-1	3	MIA Parental	3625	3625	8.195885391314796	16582.0	9.716133	42.40139910746593	56.181401519720175	64.4916174164757	73.68833675069352	0.036786877	16582.0	False	False	-0.08306206269761882	-0.14590812324964209	G1	1	MIA	Parental	1
AAAGTAGTCAAACAAG-3-1	3	MIA Parental	2138	2138	7.668093709082406	7770.0	8.958154	36.94980694980695	52.072072072072075	62.77992277992278	75.25096525096525	0.041698843	7770.0	False	False	-0.05175519370456228	-0.1040082384449567	G1	1	MIA	Parental	1
GCGACCAGTAGAGGAA-3-1	3	MIA Parental	3524	3523	8.16735198705607	29996.0	10.308852	48.80317375650087	66.75223363115082	75.80010668089079	83.81450860114683	0.05520736	29996.0	False	False	-0.009962002259844352	-0.09748448697171469	G1	1	MIA	Parental	1
AGGGATGTCTCTTATG-3-1	3	MIA Parental	3323	3323	8.10892415597534	20172.0	9.912101	39.64406107475709	55.42335911163989	66.42375570097164	77.33987705730716	0.038518738	20172.0	False	False	-0.02122832382869462	-0.13720461215365043	G1	1	MIA	Parental	1
CTCGAAAGTAACGACG-3-1	3	MIA Parental	4027	4027	8.301025253838453	25215.0	10.135234	39.282173309537974	54.800713860797146	64.94943486020226	75.47888161808447	0.05663296	25215.0	False	False	-0.03325284868589073	-0.10219602929837326	G1	1	MIA	Parental	1
ACGGGCTGTAGAAAGG-3-1	3	MIA Parental	4644	4644	8.443546651247939	33446.0	10.417717	39.86425880523829	54.927345571966754	64.33056269808048	74.70549542546195	0.020749865	33446.0	False	False	-0.010538012723172133	-0.11487856638215925	G1	1	MIA	Parental	1
TGCCAAAGTTCCCTTG-3-1	3	MIA Parental	2691	2690	7.897668150726906	10379.0	9.247636	37.04595818479623	51.3536949609789	61.634068792754604	73.49455631563735	0.06657674	10379.0	False	False	-0.060826491609550296	-0.061254444253742435	G1	1	MIA	Parental	1
CGATGGCTCCGCGGTA-3-1	3	MIA Parental	5364	5363	8.587465244401569	45537.0	10.726302	39.22744142126183	55.34180995673847	65.29635241671608	75.08399762830226	0.07057997	45537.0	False	False	-0.0395254779973796	-0.13418246609295986	G1	1	MIA	Parental	1
ACGGCCAAGTGGTAAT-3-1	3	MIA Parental	3836	3836	8.252446090246952	20107.0	9.908873	37.67842045058934	51.58402546376883	61.744666036703634	72.72591634754065	0.09961705	20107.0	False	False	-0.011763789022583557	-0.03550457687443642	G1	1	MIA	Parental	1
TGGTTCCCAACCGCCA-3-1	3	MIA Parental	3556	3556	8.176672771948455	20176.0	9.912298	42.47620935765266	59.02061855670103	68.59635210150674	77.53766851704997	0.053380255	20176.0	False	False	-0.03764845540780595	-0.0383089432728691	G1	1	MIA	Parental	1
TCAGCTCGTTTGACTG-3-1	3	MIA Parental	3836	3836	8.252446090246952	24999.0	10.126631	41.64966598663947	58.06632265290612	67.67870714828594	77.39109564382576	0.035281412	24999.0	False	False	-0.0068682601003037524	-0.13455227466619396	G1	1	MIA	Parental	1
CTTGGCTCAGGTGGAT-3-1	3	MIA Parental	4443	4443	8.39931015075952	32847.0	10.399646	41.3888635187384	57.33552531433617	67.16899564648217	77.01464365086613	0.03211861	32847.0	False	False	-0.03701286924170648	-0.13900321953056394	G1	1	MIA	Parental	1
CCTTACGAGCCCGAAA-3-1	3	MIA Parental	4798	4798	8.476162841858246	33235.0	10.411389	37.66812095682263	51.74364374905973	62.091168948397765	72.88701669926283	0.039987963	33235.0	False	False	-0.032682240671091475	-0.10245166124710225	G1	1	MIA	Parental	1
TGGACGCAGAGCCCAA-3-1	3	MIA Parental	4637	4637	8.442038517815478	34424.0	10.446538	37.543574250522894	53.07343713688124	63.04322565651871	73.78863583546364	0.03320358	34424.0	False	False	-0.05288076771355664	-0.1259807041243784	G1	1	MIA	Parental	1
CCTACACGTCATGCCG-3-1	3	MIA Parental	3548	3548	8.174421152646497	20761.0	9.94088	39.212947353210346	54.5349453301864	65.12210394489668	76.28245267569	0.036655266	20761.0	False	False	-0.045324133247203253	-0.10852343085302965	G1	1	MIA	Parental	1
TCTGGAACATTGGCGC-3-1	3	MIA Parental	4075	4075	8.312871394342615	24210.0	10.094563	44.122263527467986	59.723254853366385	68.76497315159025	77.38950846757538	0.09855431	24210.0	False	False	-0.05570986098546673	-0.13172006155271965	G1	1	MIA	Parental	1
GCTTGAACATCGGTTA-3-1	3	MIA Parental	3566	3566	8.17948018535889	21172.0	9.960482	41.54071415076516	57.618552805592294	67.68373323257131	77.82920838843755	0.04931041	21172.0	False	False	0.06937745198066989	-0.030886985226811076	S	1	MIA	Parental	1
CCATGTCAGATATGGT-3-1	3	MIA Parental	3157	3157	8.057694194815587	13261.0	9.492658	36.63373802880627	51.112284141467455	61.081366412789386	72.21174873689768	0.069602594	13261.0	False	False	0.08073714901246232	-0.13059208970147917	S	1	MIA	Parental	1
AGGCCGTGTTAGGGTG-3-1	3	MIA Parental	4139	4139	8.32845106681936	28530.0	10.258746	42.446547493866106	56.15492464072906	66.29162285313704	77.40974412898703	0.055345252	28530.0	False	False	0.027586433112753675	-0.11365376948078164	S	1	MIA	Parental	1
TTTATGCCACCGAAAG-3-1	3	MIA Parental	4055	4055	8.30795254527102	26250.0	10.175459	39.58095238095238	55.46666666666666	65.4095238095238	75.88190476190476	0.033942856	26250.0	False	False	0.03364477015235763	-0.06240027614136795	S	1	MIA	Parental	1
CCGTGGATCCAGAGGA-3-1	3	MIA Parental	2335	2335	7.756195343948118	10993.0	9.305105	42.254161739288634	59.374147184572	69.01664695715455	79.65978349859	0.0876012	10993.0	False	False	0.03328872932906567	-0.13549398123242545	S	1	MIA	Parental	1
ACTGAGTGTTGATTGC-3-1	3	MIA Parental	3584	3584	8.184513753033722	21403.0	9.9713335	40.7372798205859	56.183712563659306	66.35985609493996	77.04060178479652	0.05999159	21403.0	False	False	0.035670004331003785	-0.13239316053168718	S	1	MIA	Parental	1
CTAACTTGTATTCGTG-3-1	3	MIA Parental	3250	3250	8.086717920303906	15323.0	9.637176	38.56947073027475	53.246753246753244	63.303530640214056	74.12386608366508	0.059061542	15323.0	False	False	0.00882337989261231	-0.05447612355024417	S	1	MIA	Parental	1
CGAGCCAAGTACTTGC-3-1	3	MIA Parental	2859	2859	7.958576903813898	12686.0	9.448333	39.46870565978244	54.73750591202901	64.66183194072205	75.19312628093961	0.08639445	12686.0	False	False	0.01146067274137394	-0.06216429965851328	S	1	MIA	Parental	1
GAAGCAGGTCCGAACC-3-1	3	MIA Parental	4223	4223	8.348537825386098	22370.0	10.015521	33.518104604380866	47.8766204738489	57.87215020116228	69.82118909253464	0.057487708	22370.0	False	False	0.006260955536656676	-0.08540299100982643	S	1	MIA	Parental	1
AAGCCGCGTCTACCTC-3-1	3	MIA Parental	3043	3043	8.020927718981577	15334.0	9.637893	42.35685404982392	57.890961262553795	67.1383852875962	76.97274031563846	0.10603887	15334.0	False	False	0.057890907676314635	-0.07416253907222567	S	1	MIA	Parental	1
GTAGGCCGTCAATGTC-3-1	3	MIA Parental	2582	2582	7.8567067930958405	10548.0	9.263786	38.869927948426245	54.436860068259385	64.31551004929844	75.2844141069397	0.051573757	10548.0	False	False	0.006132170385176716	-0.0823775220800329	S	1	MIA	Parental	1
GGCCGATAGACAGAGA-3-1	3	MIA Parental	5067	5067	8.53070154144103	43331.0	10.676646	43.68235212665297	58.72700837737417	68.35291131060903	77.90496411345225	0.05460294	43331.0	False	False	0.014910315690792375	-0.11693845916472047	S	1	MIA	Parental	1
CGCTGGAAGTCCAGGA-3-1	3	MIA Parental	3844	3843	8.254268770090183	21064.0	9.955368	38.729586023547284	53.684010634257504	63.074439802506646	73.68021268515001	0.080516525	21064.0	False	False	0.0009039686016174137	-0.04011114048198006	S	1	MIA	Parental	1
TGACTTTTCCAAGTAC-3-1	3	MIA Parental	1754	1754	7.470224135899966	9856.0	9.195937	48.873782467532465	64.8336038961039	74.64488636363636	84.83157467532467	0.003043831	9856.0	True	True	0.016068916776107917	-0.018929612934332707	S	1	MIA	Parental	1
GAGCAGAAGAGCTATA-3-1	3	MIA Parental	1981	1981	7.591861714889934	7655.0	8.943245	40.23514043109079	56.786414108425866	66.64924885695623	77.96211626387982	0.078118876	7655.0	False	False	0.007132688393393996	-0.08248426378235338	S	1	MIA	Parental	1
GTTACAGGTAAACACA-3-1	3	MIA Parental	3473	3473	8.153061946801051	19197.0	9.862561	40.146897952805126	55.90977756941189	65.86966713548992	76.5432098765432	0.049747355	19197.0	False	False	0.031619447441769324	-0.10567378053164093	S	1	MIA	Parental	1
CGGCTAGAGTATCTCG-3-1	3	MIA Parental	2991	2991	8.003697339094368	14466.0	9.579625	42.22314392368312	57.96350062214849	67.1782109774644	77.02889534079912	0.10396793	14466.0	False	False	0.038291404902008525	-0.0025778054985683696	S	1	MIA	Parental	1
AACTCCCCAATAGCAA-3-1	3	MIA Parental	1784	1784	7.487173694213739	6506.0	8.780634	40.93144789425146	57.48539809406702	67.13802643713495	79.0347371656932	0.1077467	6506.0	False	False	0.014299804535495661	-0.09110363796802556	S	1	MIA	Parental	1
CATTATCTCTCGTTTA-3-1	3	MIA Parental	2311	2311	7.7458682297922685	8468.0	9.0441675	43.30420406235238	57.179971658006615	65.8360888049126	75.55503070382616	0.16473784	8468.0	False	False	0.050134763522351675	-0.1680275517019293	S	1	MIA	Parental	1
ATGTGTGAGCAGACTG-3-1	3	MIA Parental	2806	2806	7.939871576361883	15154.0	9.626086	44.13356209581629	60.102943117328756	70.18608948132507	80.11746073643923	0.044608682	15154.0	False	False	0.001557249949944925	-0.06615490917498237	S	1	MIA	Parental	1
CTTCTCTGTCCGAGTC-3-1	3	MIA Parental	3042	3042	8.02059914989697	14630.0	9.590898	41.03212576896787	56.91045796308954	66.34996582365004	76.32946001367054	0.047710184	14630.0	False	False	0.034319234782608815	-0.09402567533251543	S	1	MIA	Parental	1
ATGTGTGCATCACAAC-3-1	3	MIA Parental	3659	3659	8.205218426395412	21694.0	9.984838	42.6523462708583	56.835991518392184	67.16603669217295	77.5652254079469	0.059048586	21694.0	False	False	0.007521349913745104	-0.1139337184817292	S	1	MIA	Parental	1
CTAACTTCAGACAAAT-3-1	3	MIA Parental	3915	3915	8.272826003650401	14764.0	9.600015	36.96152804118125	48.73340558114332	57.00352208073692	67.38688702248713	0.11771878	14764.0	True	True	0.009777427690281504	-0.016692195649192193	S	1	MIA	Parental	1
GTAACTGTCGAGAGCA-3-1	3	MIA Parental	1820	1820	7.507141079727608	7377.0	8.906258	41.91405720482581	59.4279517419005	69.48624101938458	80.5747593872848	0.10627627	7377.0	False	False	0.08633640393074313	-0.09749090743413985	S	1	MIA	Parental	1
CATCGGGCATCTCCCA-3-1	3	MIA Parental	2556	2556	7.846589975291186	10794.0	9.286839	37.7431906614786	53.640911617565315	63.96146007040948	75.73652028904947	0.068834536	10794.0	False	False	0.02916836868001889	-0.06619088655910443	S	1	MIA	Parental	1
TTCTCAAGTACGACCC-3-1	3	MIA Parental	1816	1815	7.504391559161238	6763.0	8.819369	42.969096554783384	57.47449356794322	67.10039923111046	78.78160579624426	0.116812065	6763.0	False	False	0.01963724988259241	-0.07118135582877068	S	1	MIA	Parental	1
CCATTCGAGCCAGTTT-3-1	3	MIA Parental	2713	2713	7.906178840394815	13436.0	9.505768	42.3786841321822	59.42988984816909	68.8821077701697	78.63947603453408	0.07598988	13436.0	False	False	0.0030714792291117454	-0.07954357452786863	S	1	MIA	Parental	1
ATTGGTGTCGCCATAA-3-1	3	MIA Parental	2587	2587	7.858640655620791	10135.0	9.223848	38.97385298470646	53.40897878638382	62.93043907252097	74.15885545140601	0.112580165	10135.0	False	False	0.1541591528283794	-0.06317072423956294	S	1	MIA	Parental	1
GCTGCGAGTCCCTACT-3-1	3	MIA Parental	3481	3480	8.15507488781144	21319.0	9.967401	40.23171818565599	55.710868239598476	66.00684835123599	77.47080069421642	0.044514284	21319.0	False	False	0.0698316401974113	-0.010284600845192338	S	1	MIA	Parental	1
CGAGCACCACGGCCAT-3-1	3	MIA Parental	3682	3682	8.211482916445066	20684.0	9.937164	37.04312512086637	52.02088570876039	62.10597563333978	73.62212338039063	0.027219107	20684.0	False	False	0.02586930632855962	-0.16230373932923048	S	1	MIA	Parental	1
GTCAAGTTCCGAGCCA-3-1	3	MIA Parental	5331	5331	8.5814816812986	46990.0	10.757711	41.059799957437754	57.01638646520536	67.25473505001064	77.30155352202597	0.06424771	46990.0	False	False	0.0007312121639538732	-0.024184613470164595	S	1	MIA	Parental	1
CGGGTCAGTTCAACCA-3-1	3	MIA Parental	4190	4190	8.340694647925071	25460.0	10.144903	39.92537313432835	54.44619010212097	63.87274155538098	73.8216810683425	0.100549884	25460.0	False	False	0.2094396827193269	0.20849948787771352	S	1	MIA	Parental	1
CTGATAGCATACTACG-3-1	3	MIA Parental	2165	2165	7.680637427560936	8360.0	9.031333	40.02392344497608	57.21291866028708	66.98564593301435	77.26076555023923	0.04665072	8360.0	False	False	0.012872287146462172	-0.048868449570083294	S	1	MIA	Parental	1
GCATGCGAGAGCCCAA-3-1	3	MIA Parental	3078	3078	8.0323601479245	14342.0	9.571017	38.20945474829173	53.82094547482917	63.38725421837958	74.63394226746618	0.089039184	14342.0	False	False	0.009995843697676629	-0.05850444961271853	S	1	MIA	Parental	1
CCTACCAGTACGCTGC-3-1	3	MIA Parental	4225	4223	8.348537825386098	27123.0	10.208174	37.28938539247134	51.20746230136785	62.43040961545552	73.7565903476754	0.026840689	27123.0	False	False	0.028307132005632715	-0.15318684306871674	S	1	MIA	Parental	1
CCAGCGAAGTACACCT-3-1	3	MIA Parental	3288	3288	8.098338846189057	19232.0	9.864383	41.27495840266223	58.069883527454245	68.17283693843595	78.41098169717138	0.052880615	19232.0	False	False	0.005545221903340003	-0.10325398535486133	S	1	MIA	Parental	1
TGACTTTCACGCCAGT-3-1	3	MIA Parental	3700	3700	8.216358332386156	21275.0	9.965335	39.793184488836665	56.230317273795535	66.31727379553467	76.24441833137485	0.037179787	21275.0	False	False	0.03950902840957622	-0.10759149328785451	S	1	MIA	Parental	1
GGGAGATTCCTACAGA-3-1	3	MIA Parental	2725	2725	7.9105906122564775	11657.0	9.363748	37.436733293300165	52.697949729776106	62.846358411255046	74.53890366303509	0.06090761	11657.0	False	False	0.009333729949845757	-0.09939957116822762	S	1	MIA	Parental	1
TGGTTCCAGGACACCA-3-1	3	MIA Parental	4881	4881	8.493310250952906	34032.0	10.435086	37.602844381758345	52.09802538787024	61.78890456041373	73.05183356840621	0.03320404	34032.0	False	False	0.23039956249309534	0.10081797771470288	S	1	MIA	Parental	1
TAAGAGAGTCTAGAGG-3-1	3	MIA Parental	3854	3854	8.25712628599743	24708.0	10.114923	41.452161243322	57.45507527926178	67.04306297555448	77.20576331552533	0.041444067	24708.0	False	False	0.05990775267400772	-0.09950810070185698	S	1	MIA	Parental	1
AGATCTGTCGCGCCAA-3-1	3	MIA Parental	4330	4330	8.373553741214627	30133.0	10.31341	42.50489496565228	58.85242093385988	68.18106394982244	77.67231938406398	0.047389906	30133.0	False	False	0.049254381653705465	-0.014500145250923357	S	1	MIA	Parental	1
GTAGGCCGTTCAGTAC-3-1	3	MIA Parental	4127	4127	8.325548307161398	26025.0	10.166851	39.56964457252642	55.319884726224785	64.97982708933718	75.00096061479347	0.03239193	26025.0	False	False	0.026433329508094586	-0.09544692893771647	S	1	MIA	Parental	1
CAGTCCTGTAAAGTCA-3-1	3	MIA Parental	3296	3296	8.10076824307173	16813.0	9.729967	40.462737167667875	56.61095580800571	65.86569916136324	75.78064592874561	0.03782787	16813.0	False	False	0.01975962023307974	-0.13430013223314574	S	1	MIA	Parental	1
AGCTCTCCAGCGAACA-3-1	3	MIA Parental	5527	5527	8.617581365447506	43962.0	10.691104	37.66889586461035	51.67189845775897	60.60916245848688	71.20467676629816	0.016514262	43962.0	False	False	0.008330518217578561	-0.1514534705882438	S	1	MIA	Parental	1
CCTCAGTAGTAGGCCA-3-1	3	MIA Parental	3094	3094	8.037543185118697	14430.0	9.577134	39.26541926541927	54.25502425502425	63.56895356895357	74.58073458073457	0.093000695	14430.0	False	False	0.19957348508008932	-0.001178449027811418	S	1	MIA	Parental	1
TCCCGATGTTCCATGA-3-1	3	MIA Parental	2932	2932	7.983781068977451	14672.0	9.593764	41.61668484187568	57.23827699018539	67.07333696837514	77.2082878953108	0.06583969	14672.0	False	False	0.0037118031482710756	-0.0899639115263736	S	1	MIA	Parental	1
CGAGAAGAGATCCCAT-3-1	3	MIA Parental	3994	3994	8.292798858200374	26494.0	10.184711	39.81656224050729	55.55597493772175	65.99984902242018	76.66264059787122	0.040348757	26494.0	False	False	0.0013326914434576426	-0.12427994714124156	S	1	MIA	Parental	1
ATCCACCCAGCTGTAT-3-1	3	MIA Parental	3123	3123	8.046869510959576	16498.0	9.711055	40.398836222572434	56.394714510849795	66.39592677900352	76.77900351557764	0.05000606	16498.0	False	False	0.0442459853290188	-0.0990322808784005	S	1	MIA	Parental	1
GTCACGGTCTTTAGGG-3-1	3	MIA Parental	3790	3790	8.240385115516334	22749.0	10.03232	40.12484065233637	55.791463361026864	65.66442480988175	76.3330256275001	0.05560684	22749.0	False	False	0.0348941453321463	-0.07140024236109008	S	1	MIA	Parental	1
TGGCGCACATCACGAT-3-1	3	MIA Parental	4130	4130	8.326274787396764	23323.0	10.057239	42.130086181023024	56.652231702611154	65.61763066500879	75.08039274535867	0.043733653	23323.0	False	False	0.043706812506806775	-0.081714650867932	S	1	MIA	Parental	1
ATCCGAAAGTAATCCC-3-1	3	MIA Parental	5880	5879	8.679312040892672	56868.0	10.948505	34.24421467257508	47.81951185200816	57.876134205528594	69.85123443764508	0.011852008	56868.0	False	False	0.15530790742638373	0.6081186371769605	G2M	1	MIA	Parental	1
ATTATCCGTCGCGGTT-3-1	3	MIA Parental	3505	3505	8.16223106548118	17170.0	9.7509775	40.05241700640652	54.83401281304601	64.21083284799069	74.35061153174141	0.092486896	17170.0	False	False	0.01788046405311282	0.03841440396304793	G2M	1	MIA	Parental	1
ATTACTCTCTGCGTAA-3-1	3	MIA Parental	5864	5864	8.676757761087575	48968.0	10.798943	34.58993628492076	48.13755922234929	58.47696454827642	70.2091161574906	0.023648096	48968.0	False	False	0.09286295417618111	0.7293491872808833	G2M	1	MIA	Parental	1
GAGGTGAAGTTCCACA-3-1	3	MIA Parental	7074	7074	8.864322722511439	56648.0	10.94463	31.510379889846067	43.05888998728993	51.53933060302217	62.77891540742833	0.02266629	56648.0	False	False	0.14063404002308463	0.4288129749018811	G2M	1	MIA	Parental	1
CTACCCACAGGACGTA-3-1	3	MIA Parental	5879	5878	8.679141958402255	56145.0	10.935711	36.13144536468074	50.955561492563895	60.929735506278384	71.5041410633182	0.01843441	56145.0	False	False	0.19768063968533267	0.5985215751391664	G2M	1	MIA	Parental	1
ACAGCCGGTTCAGTAC-3-1	3	MIA Parental	5892	5890	8.681181041521688	47367.0	10.765702	40.35509954187514	52.47957438723162	61.18605780395634	71.77148647792767	0.047733653	47367.0	False	False	0.08047371295361408	0.5493158000384191	G2M	1	MIA	Parental	1
CCGGGATTCATCACCC-3-1	3	MIA Parental	2701	2701	7.9017475185201445	9662.0	9.17606	34.040571310287724	47.981784309666736	58.01076381701511	70.60649968950527	0.05702753	9662.0	False	False	-0.01926824489464561	0.006877761991962494	G2M	1	MIA	Parental	1
CGCTGGAGTCCGTCAG-3-1	3	MIA Parental	4752	4752	8.46653127661401	34741.0	10.455705	36.78362741429435	50.79876802625141	61.54399700641893	73.50105063181832	0.02869808	34741.0	False	False	0.22779599502002518	0.3999274300666435	G2M	1	MIA	Parental	1
GGGAATGGTCCAACTA-3-1	3	MIA Parental	5062	5062	8.529714471969909	37141.0	10.522504	36.264505532968954	51.611426725182405	61.603080154007706	72.71478958563313	0.037640344	37141.0	False	False	0.07444350136494067	0.3036122572617116	G2M	1	MIA	Parental	1
CAGATCATCGTGGGAA-3-1	3	MIA Parental	4153	4153	8.331827004436057	31940.0	10.371646	45.8515967438948	62.798998121477766	70.91108328115216	79.3425172197871	0.012492172	31940.0	False	False	0.0475511882677509	0.5779938003710895	G2M	1	MIA	Parental	1
CTTAACTGTAGGACAC-3-1	3	MIA Parental	4350	4349	8.37793112408273	32138.0	10.377826	41.6609621009397	58.475947476507564	68.05650631651005	77.89221482357334	0.04384218	32138.0	False	False	-0.024804544542972873	0.0014117723082181788	G2M	1	MIA	Parental	1
CGTTAGAAGGGTTCCC-3-1	3	MIA Parental	2664	2663	7.88758403166028	9739.0	9.183996	32.487935106273746	47.01714755108327	57.80880993941883	70.67460724920423	0.049697094	9739.0	False	False	0.2380150166259058	0.6650760693348862	G2M	1	MIA	Parental	1
TGCACCTTCCAAAGTC-3-1	3	MIA Parental	6698	6697	8.80956425335415	49370.0	10.807118	35.16508000810209	47.17237188576058	55.31496860441564	66.07453919384241	0.03530484	49370.0	False	False	0.19039930957292528	0.24218643954044577	G2M	1	MIA	Parental	1
CCGGTAGTCCAGTAGT-3-1	3	MIA Parental	2170	2170	7.682943169878292	6871.0	8.835211	34.58011934216271	47.56221801775579	57.95371852714306	71.54708193858245	0.0030563236	6871.0	False	False	0.007888003981557562	0.20007519800020232	G2M	1	MIA	Parental	1
CTGAAGTGTCCTCCAT-3-1	3	MIA Parental	4164	4164	8.334471554600944	27537.0	10.223322	37.70200094418419	52.129861640701606	62.51588771471111	73.8824127537495	0.035370592	27537.0	False	False	0.03180939163539312	0.2894578247004598	G2M	1	MIA	Parental	1
GATCAGTCAGAGCCAA-3-1	3	MIA Parental	3501	3500	8.160803920954665	17708.0	9.781828	35.81996837587531	50.559069347187716	60.66184775242828	72.16512310819968	0.0050824485	17708.0	False	False	0.14055451575014993	0.9229372765461399	G2M	1	MIA	Parental	1
CAGCATACACGGTTTA-3-1	3	MIA Parental	5330	5330	8.581294116822761	38577.0	10.560437	37.25276719288696	51.67846125929958	61.292998418746926	71.86406407963294	0.039427638	38577.0	False	False	0.14423329783697764	0.5729223936411145	G2M	1	MIA	Parental	1
GTTTCTAGTACAGACG-3-1	3	MIA Parental	4747	4747	8.465478755729558	26134.0	10.171031	34.47233488941608	46.403152980791305	56.56998545955461	68.42810132394582	0.08823755	26134.0	False	False	0.07596925485584138	0.7551965557430244	G2M	1	MIA	Parental	1
CACCTTGAGGACGAAA-3-1	3	MIA Parental	4549	4549	8.422882511944996	37839.0	10.541122	42.934538439176514	58.77005206268665	68.34482940881101	78.51423134860858	0.03335183	37839.0	False	False	0.03047573616438197	0.048832439945033695	G2M	1	MIA	Parental	1
CTGTGCTAGGCGCTCT-3-1	3	MIA Parental	3585	3585	8.184792654165078	19631.0	9.884916	45.94264174010493	61.968315419489585	69.49212979471244	77.48968468239009	0.058580816	19631.0	False	False	0.2148575223936377	0.3651129503274765	G2M	1	MIA	Parental	1
GCTGCAGGTCTTGATG-3-1	3	MIA Parental	5994	5993	8.69851424787661	50938.0	10.838384	37.618281047548	51.66869527661078	61.78295182378578	72.88468334053164	0.04638973	50938.0	False	False	0.09013744227656192	0.4029797858764753	G2M	1	MIA	Parental	1
CTGGTCTAGTTTAGGA-3-1	3	MIA Parental	3816	3815	8.246958032568177	15106.0	9.622913	33.450284655103935	46.8952734012975	55.633523103402624	66.68211306765524	0.07427512	15106.0	False	False	0.28496877993591446	0.3485343450107624	G2M	1	MIA	Parental	1
CTGGTCTAGAGCTTCT-3-1	3	MIA Parental	3042	3042	8.02059914989697	13112.0	9.4813595	36.798352654057354	51.18212324588164	61.18059792556437	72.81879194630872	0.06604637	13112.0	False	False	0.09083607542111848	0.6276647697534159	G2M	1	MIA	Parental	1
CTGCCTACAAACCCAT-3-1	3	MIA Parental	2315	2315	7.7475968386928855	9207.0	9.127828	37.25426306071468	52.98142717497556	63.76669925057021	76.40925382860867	0.07863582	9207.0	False	False	0.050632893406783036	0.6716610582402612	G2M	1	MIA	Parental	1
TATCTCAGTGCTAGCC-3-1	3	MIA Parental	4771	4771	8.470520783217808	35755.0	10.484473	38.106558523283454	53.928121940987275	64.37141658509299	74.96294224583974	0.047433924	35755.0	False	False	-0.009637249066098474	0.3594764049047031	G2M	1	MIA	Parental	1
GATGCTATCGTTACGA-3-1	3	MIA Parental	2421	2421	7.792348924113037	9679.0	9.177817	35.14825911767744	49.04432276061576	59.91321417501808	73.29269552639735	0.0018596962	9679.0	False	False	0.11808255781752076	0.5054385540918684	G2M	1	MIA	Parental	1
ACTATCTTCAGTTAGC-3-1	3	MIA Parental	4035	4035	8.3030093814735	21339.0	9.968339	35.774872299545436	48.6245840948498	58.756267866348	70.72964993673556	0.07090304	21339.0	False	False	-0.008155336445889116	0.057384434288478364	G2M	1	MIA	Parental	1
TTTACTGAGTCGTACT-3-1	3	MIA Parental	5490	5490	8.610865667278873	38686.0	10.563259	37.65444863775009	52.016233262679	61.37362353306105	71.66158300160265	0.07051647	38686.0	False	False	0.11832057191447332	0.5716321092551377	G2M	1	MIA	Parental	1
GGCGTGTTCTGTGCAA-3-1	3	MIA Parental	3962	3962	8.284756593190435	21531.0	9.977296	38.06139984208815	52.152710045980214	62.105800938182156	73.30360875017416	0.038595513	21531.0	False	False	0.3134113545186014	0.41580502972533023	G2M	1	MIA	Parental	1
TAGTTGGCACTTAACG-3-1	3	MIA Parental	3925	3925	8.275376374836407	16194.0	9.692458	27.010003705075952	37.00753365443992	47.62875138940348	62.37495368655057	0.055205632	16194.0	False	False	0.1492070575246333	0.568525171403121	G2M	1	MIA	Parental	1
GTCAAGTGTTCCCGAG-3-1	3	MIA Parental	4974	4974	8.512180649592693	35646.0	10.4814205	37.445996745777926	50.61156932054087	60.601470010660385	72.24934073949392	0.05159064	35646.0	False	False	0.2463922261779996	0.3750989866297786	G2M	1	MIA	Parental	1
CACACCTGTATCACCA-3-1	3	MIA Parental	6215	6215	8.734881892047483	63168.0	11.053569	38.245630699088146	53.30072188449848	62.40184903748733	72.45599037487335	0.0145959975	63168.0	False	False	0.15526980269022883	0.5695843248917665	G2M	1	MIA	Parental	1
CCCATACTCACCAGGC-3-1	3	MIA Parental	7069	7069	8.863615758890619	64035.0	11.067201	38.11821660029671	52.5774966815023	61.63816662762551	71.30163192004373	0.034434292	64035.0	False	False	0.10224594082798219	0.4500713069104204	G2M	1	MIA	Parental	1
GGTATTGAGGCCGAAT-3-1	3	MIA Parental	3526	3526	8.168202930236053	18604.0	9.831185	38.94861320146205	53.450870780477324	62.6746936142765	73.5701999569985	0.10513868	18604.0	False	False	0.2715944150863034	0.45673413732563184	G2M	1	MIA	Parental	1
GGCAATTAGGACCACA-3-1	3	MIA Parental	4455	4455	8.40200678160712	22037.0	10.000524	38.92998139492671	50.3562190860825	58.7012751281935	69.46499069746336	0.12415483	22037.0	False	False	0.21011737020639848	0.2669170833065221	G2M	1	MIA	Parental	1
GACACGCGTACTTGAC-3-1	3	MIA Parental	3734	3734	8.225503097566918	24311.0	10.098725	36.5636954465057	52.19859322940232	63.210069515857015	74.97429147299576	0.021595163	24311.0	False	False	0.08957623529516559	0.44717685853890765	G2M	1	MIA	Parental	1
CAAGATCGTCGAACAG-3-1	3	MIA Parental	3137	3137	8.051340933292979	19840.0	9.895506	41.5625	56.824596774193544	67.51008064516128	79.04233870967742	0.033467744	19840.0	False	False	-0.047942851726843524	0.026417161759171998	G2M	1	MIA	Parental	1
CAACTAGCAGATAATG-3-1	3	MIA Parental	3445	3445	8.144969417087875	17114.0	9.74771	36.84118265747342	50.95827977094777	61.14292392193526	72.84679210003506	0.035760198	17114.0	False	False	0.040049636684580545	0.7687625112870353	G2M	1	MIA	Parental	1
CTTAGGAAGTCTCCTC-3-1	3	MIA Parental	2642	2642	7.879669914604289	7927.0	8.978156	30.074429166141037	41.390185442159705	50.72536899205248	64.81645010722846	0.019805728	7927.0	False	False	0.09254283385014433	0.52232218076195	G2M	1	MIA	Parental	1
CTAGTGAGTTAGATGA-3-1	3	MIA Parental	4791	4791	8.474703139795285	34667.0	10.453572	43.733233334294866	59.024432457380215	67.39839040009231	76.19638272708916	0.028326651	34667.0	False	False	0.04007889734442782	0.5775531420514668	G2M	1	MIA	Parental	1
CCGTTCAGTACGCACC-3-1	3	MIA Parental	5148	5147	8.546363568716018	34421.0	10.446451	41.5763632666105	57.061096423694835	65.59658348101449	74.32090874756689	0.08826008	34421.0	False	False	0.13875662306929826	0.36319129411564316	G2M	1	MIA	Parental	1
AAGGCAGCAGACGCCT-3-1	3	MIA Parental	6174	6173	8.728102205062104	58554.0	10.977722	37.24937664378181	52.015233801277446	61.97697851555829	73.07442702462684	0.03724767	58554.0	False	False	0.10769257873715868	0.30994332319287576	G2M	1	MIA	Parental	1
AACTGGTGTTTGGGCC-3-1	3	MIA Parental	2398	2398	7.782807262839695	11154.0	9.319643	39.71669356284741	56.47301416532186	67.07907477138247	78.2051282051282	0.060695715	11154.0	False	False	-0.0032935269579544985	0.0017537762644370958	G2M	1	MIA	Parental	1
CAACTAGGTGTCCTCT-3-1	3	MIA Parental	4520	4520	8.416488487294606	28493.0	10.257449	35.95269013441898	50.9423367142807	60.92022602042607	72.20369915417822	0.02463763	28493.0	False	False	0.1202680621651876	0.6168069157694868	G2M	1	MIA	Parental	1
CACACCTGTAAATACG-3-1	3	MIA Parental	4170	4170	8.335911094196945	21697.0	9.984976	38.39701341199244	52.09015071208001	61.5476794026824	72.70129510992302	0.041019496	21697.0	False	False	0.15596766428332137	0.8773715391331557	G2M	1	MIA	Parental	1
ACGCCAGTCTGGTATG-3-1	3	MIA Parental	4856	4856	8.488176242345745	24382.0	10.101642	31.798047740136166	44.7379214174391	54.068575178410306	65.52374702649496	0.063243374	24382.0	False	False	0.28896371411771327	0.3311919361019217	G2M	1	MIA	Parental	1
GGACGTCGTAGAGGAA-3-1	3	MIA Parental	5437	5437	8.601166625192416	52600.0	10.87049	35.97718631178707	50.65019011406844	61.155893536121674	72.51140684410646	0.021026615	52600.0	False	False	0.10747032744367419	0.7009572399576403	G2M	1	MIA	Parental	1
CACACTCCACCGCTAG-3-1	3	MIA Parental	6627	6626	8.798907492088226	76323.0	11.242743	35.20956985443444	49.915490743288395	60.46670073241356	71.7267403010888	0.02590307	76323.0	False	False	0.14135092768938548	0.6721107045912107	G2M	1	MIA	Parental	1
GACTACAGTATCTGCA-3-1	3	MIA Parental	4055	4055	8.30795254527102	26336.0	10.17873	42.35267314702308	58.15613608748481	67.7969319562576	77.5858140947752	0.046780072	26336.0	False	False	0.25265948977730407	0.2944965921117765	G2M	1	MIA	Parental	1
ACGCAGCAGAAGGTGA-3-1	3	MIA Parental	3632	3632	8.197814032221203	20857.0	9.945493	42.09138418756293	56.84422496044493	65.56551757203817	75.57654504482907	0.022774128	20857.0	False	False	0.018631953649570293	0.08538847150317974	G2M	1	MIA	Parental	1
