	TCAGCTCTCAGCATGT-2	CATCGGGAGCACCGCT-2	TACGGGCAGTTAGGTA-2	GATCGATGTAGGAGTC-2	ACCTTTACAGCGATCC-2	CTCTAATGTCCGACGT-2	ATTATCCGTCTAGTGT-2	GAAATGAAGTGTACTC-2	TCACAAGAGGTGTGGT-2	TTGTAGGAGAGGGCTT-2	AGCATACGTCGGGTCT-2	AAAGTAGGTATAGGTA-2	CACTCCATCATTATCC-2	TGCGTGGGTGGTTTCA-2	GGGACCTGTCCCTTGT-2	AGCTCCTAGATTACCC-2	GCGAGAATCGCGTTTC-2	GGCCGATGTCGGCTCA-2	TGGGAAGAGCCGGTAA-2	TACGGGCGTTGCCTCT-2	GCGCCAATCTAGCACA-2	CTTAGGATCTAACTTC-2	GACGTGCGTCTAAACC-2	TCAGCTCCAGGGTACA-2	GGACAAGAGCGCTCCA-2	GAAACTCAGTCGTACT-2	GCTCTGTAGTGTCCAT-2	CTAGAGTTCCCAAGTA-2	CGTCTACCAAGAGTCG-2	TGGGAAGTCAGAGCTT-2	AGCGTCGAGGTAGCTG-2	TTCTCCTCATACGCTA-2	CCTTCGAAGAGTAATC-2	TTGTAGGTCAATACCG-2	TGGGCGTAGTCTCCTC-2	GGCTCGAGTATCGCAT-2	TGGCCAGAGAATGTGT-2	CCTAAAGAGCACAGGT-2	TATCAGGCAGGAATCG-2	CGCTGGAGTAACGCGA-2	AGATTGCCAAGAGGCT-2	TGACGGCAGTCATCCA-2	CATCAAGCATTACGAC-2	GGACAAGTCCAAACAC-2	AGCGTATGTTCCACAA-2	TCTCATAAGTTCCACA-2	AAGCCGCAGCCAACAG-2	ACGATACTCGTACCGG-2
ACITL_pos	13532.748383756089	12513.710634790405	12958.15838240728	12977.222731348664	12630.2320906995	12601.239261144085	12874.01144232482	13032.574031487538	12351.89556567322	12701.677974341615	12737.392524137118	11729.315542975824	13434.95559554126	12662.339517355147	13176.073862209743	13376.4631563042	13026.27330796446	13188.851154478249	13722.864544292444	12036.703868360844	12241.747648340628	12479.72113604281	12520.205613715556	12848.04698683283	12904.310781000368	13210.931062416255	13038.86635717866	13963.82176030555	13038.43496113892	13226.851852173646	13067.386401196987	13156.319534808108	13044.289105091671	11913.396729632255	12374.984638163129	13315.583296935902	12645.424434823468	12350.488801174944	13262.815942925672	12635.572647198953	13239.009410314917	12241.191873685217	12970.331762927684	12810.798832223423	12559.9483046878	12376.723179709328	13070.9938813495	12495.470886127585
ACONT_neg	2433.0580634655635	2459.104201873676	2125.9264784624047	2467.175216115691	2408.5572503772905	2060.067144964541	2707.392465188813	2734.0343740275466	2440.714882025128	2412.054699265213	2709.353139437914	2052.324120062867	1917.440480493033	2715.123958897858	2434.1206488753905	2437.703479576708	2402.3245710962838	2400.358475199561	2715.9121276926016	2728.5039285678936	2166.753087207752	2458.364531341704	2248.9697977312253	2130.6937260027107	2431.466676973435	2377.6110335272137	2717.9954844027097	2724.149793015831	2085.3922333075807	2727.9253618760035	2722.769406992893	2503.522928110353	2485.076626234898	2176.1393156800477	2502.023623812921	2727.218868165782	1969.7025331582029	2056.801761870662	2109.8298017186944	2134.2290799454445	2411.33428604148	2540.7189868375385	2725.644047205757	2478.898510353952	2718.223588498994	2497.9544224213755	1929.7888989336595	2217.581129144948
ACONT_pos	2433.0580634655635	2459.104201873676	2125.9264784624047	2467.175216115691	2408.5572503772905	2060.067144964541	2707.392465188813	2734.0343740275466	2440.714882025128	2412.054699265213	2709.353139437914	2052.324120062867	1917.440480493033	2715.123958897858	2434.1206488753905	2437.703479576708	2402.3245710962838	2400.358475199561	2715.9121276926016	2728.5039285678936	2166.753087207752	2458.364531341704	2248.9697977312253	2130.6937260027107	2431.466676973435	2377.6110335272137	2717.9954844027097	2724.149793015831	2085.3922333075807	2727.9253618760035	2722.769406992893	2503.522928110353	2485.076626234898	2176.1393156800477	2502.023623812921	2727.218868165782	1969.7025331582029	2056.801761870662	2109.8298017186944	2134.2290799454445	2411.33428604148	2540.7189868375385	2725.644047205757	2478.898510353952	2718.223588498994	2497.9544224213755	1929.7888989336595	2217.581129144948
ACONTm_neg	1739.9378719300826	1831.407798438864	1712.5448405121144	2467.175216115691	1684.1797070087107	1619.6808833346756	2591.7300159210326	2624.1219600918266	1778.986268411903	1705.7167181502336	2600.116306389556	1468.0869358100576	1519.786731388414	2607.426066104756	1756.4571394440068	1764.606443805769	2402.3245710962838	1639.4668830721184	2606.473019294718	2617.1891883863264	1573.2410198288733	2458.364531341704	1542.9891574891749	1625.3105021095507	1723.075943212916	1586.9282933994764	2610.1319439816525	2623.1707314093446	1592.8078207988578	2624.539767161403	2608.738927267216	2503.522928110353	1909.32507152253	1586.5957893970908	1944.165424261933	2622.40817231955	1321.4981496506446	1459.7331520148014	1591.8709952648878	1730.761105370143	1676.4028345418524	2062.920642046007	2619.3321180346848	1877.126237350392	2603.66810088475	1943.5413201774072	1465.1621796203822	1849.556216200469
ACONTm_pos	1739.9378719300826	1831.407798438864	1712.5448405121144	2467.175216115691	1684.1797070087107	1619.6808833346756	2591.7300159210326	2624.1219600918266	1778.986268411903	1705.7167181502336	2600.116306389556	1468.0869358100576	1519.786731388414	2607.426066104756	1756.4571394440068	1764.606443805769	2402.3245710962838	1639.4668830721184	2606.473019294718	2617.1891883863264	1573.2410198288733	2458.364531341704	1542.9891574891749	1625.3105021095507	1723.075943212916	1586.9282933994764	2610.1319439816525	2623.1707314093446	1592.8078207988578	2624.539767161403	2608.738927267216	2503.522928110353	1909.32507152253	1586.5957893970908	1944.165424261933	2622.40817231955	1321.4981496506446	1459.7331520148014	1591.8709952648878	1730.761105370143	1676.4028345418524	2062.920642046007	2619.3321180346848	1877.126237350392	2603.66810088475	1943.5413201774072	1465.1621796203822	1849.556216200469
ACS_pos	9222.048287677846	8546.546552963253	8471.309414519586	8247.679507538758	8204.251124532984	8881.785761790434	8475.799627729863	8532.56764050549	8381.75552898392	8100.67343026747	8590.491545995563	8174.931781488622	8512.93731424172	8481.74281457013	7977.140968338849	8615.231717603854	8990.891759672864	7824.755619695737	8664.359795415263	8341.499004528094	8124.815780690628	8922.04632463523	8331.155131391095	8306.883536816185	8788.500102159855	8133.224674128197	8359.112659831799	8218.447075281283	8337.098941805252	8951.380491876887	8794.157634067356	8176.283423249622	7994.057053877926	8112.161346890431	8462.44048222103	8224.73886344994	8410.081076901966	8261.809006690686	8501.38641186077	8308.761369844005	8670.014769819985	8519.360025397262	8550.9375221825	8263.915663988062	8246.100916552388	8421.990864704863	8558.41168331452	8691.299492479418
ACSm_pos	9767.439900132827	9768.900796130549	9428.273090971868	9573.41026429624	9211.216103716291	9338.486671051802	9697.350330545518	9796.69447590562	9430.761242084718	9461.373954647685	9729.973171294	9628.211022965152	9449.868110145992	9737.193257606968	9612.697133598973	9809.22254948534	9949.347049913424	9121.999453314576	9846.69353275631	9222.48181824145	9170.681694619836	9526.608110870053	9317.502753077237	9400.989185281338	9701.659320448836	9704.59633068886	9758.699185386837	9815.643843326914	9444.826287446958	10188.224381552334	9541.984729414493	9407.449442396624	9477.431110811198	9478.980970753286	9449.163441954648	9725.448426203842	9565.573707116902	9463.999966054578	9707.548605461412	9826.193728558104	9874.156531769231	9375.017678972936	9460.550983998852	9680.247789969646	9466.40770141632	9660.60164838639	9655.544586659726	9765.00315118731
ACYP_pos	7156.004595782708	6799.684406967116	7373.38043277426	7218.9960339996605	6441.576176368531	6780.162053660901	6727.293199633302	7569.913976318413	6532.939376460706	6869.628838260448	6833.835356087739	6418.801593730136	7112.322081080994	6814.134949367927	7185.240381429423	6681.93372870315	7938.8665561733	7158.531754728601	7592.364748961644	6943.288519827019	6727.925936556119	6765.022015257392	6865.364763505004	6707.131803379085	6704.709712359584	7176.421213658572	6907.220571212997	7927.542079780644	6826.626211431811	7386.156180409373	7125.252079997531	6590.698197099097	6850.520489139829	6436.299647941161	6579.414741716924	7124.071427034679	6476.647505293217	6566.35530544423	6510.939164941683	7060.686761076061	7149.417160590733	6617.473083850593	6654.633002927892	6525.139071548657	6688.088154222031	6723.184616800258	7487.831396137736	6637.732514847977
AKGDm_pos	19345.22245981317	18717.87365139946	19017.60328870726	18776.46131274735	18686.038218473488	18937.292894940936	18640.55245094021	19359.06995353013	18668.68446683853	18477.604598218648	18414.41927719225	19053.876517025008	19110.26925166065	18944.990186600226	18724.706536809128	19083.439630563807	19612.185432991875	18466.37163489764	19527.548785670173	18836.60386520075	18560.700963007366	18857.135765491068	18559.884657768624	18984.725026966236	18817.903102037348	19121.31733415445	19179.268196561028	19734.402856347748	18763.33269224976	19142.513482015587	19424.40080988219	18708.645232788946	18652.996391117355	18308.953379039776	18892.26428227721	18740.6658103786	18476.83760139992	18509.00494893366	19005.33635370792	18995.584380905035	18882.430329224066	18696.49437913185	18749.544023158887	18476.916197575087	18759.786172771408	18473.79666279489	18918.78692265757	18531.838286034515
ALCD2if_pos	7.590728210271547	7.650212171538369	7.611426741762328	7.629858601373504	7.422438723873458	7.493439880686479	7.442913590937213	7.911713508206691	7.826440091467492	7.654078436796152	7.575994664255168	7.679946771035178	7.848786460448494	7.541534413427184	7.806562921758527	7.855949373472076	8.071870252614136	7.8449207067784705	7.937587904024495	7.636033153564706	7.820327054036946	7.854596823261998	7.850319337108175	7.584232831657736	7.867378124476456	7.457569812798609	7.914985316159421	8.07459896306243	7.570579827910145	7.829313632757055	7.895970140943073	7.55389292491744	7.633294432856456	7.577575901170475	7.833767275893423	7.855532579486699	7.153802555348113	7.445336814841052	7.347733853938512	7.577856989475905	7.88701707428836	7.619810241705288	7.598918966713128	7.688969435247031	7.581366586683994	7.39831997842044	7.543593089490674	7.582194515236025
ALCD2yf_pos	8.09250600810961	8.087555144736484	8.106847780842251	8.07632562927455	7.822530346201914	7.735798877976516	7.644852379557922	7.717675261010062	7.706612379517856	7.844253662708589	8.046667863287897	8.063116948738982	7.729266489149147	7.751906611227875	7.467289876377665	8.110256988515468	8.117592497128879	8.086616763514977	7.769050459645649	7.797225397762867	7.879662628824648	8.04275782099194	8.074358105018486	7.835816395626547	8.088717450751723	8.116572301637413	7.667374158624226	8.089114952623794	7.8599236156865215	8.051626643706324	8.06976002218439	7.849738059922352	7.848959453924804	7.347001784135922	7.731844356513591	8.046206114185821	7.73959926996459	7.781830099698801	7.454813884654512	7.712280986958939	7.741090399334269	7.7421699077826975	7.7767425958772	7.711584273414215	7.513310012830452	7.869452395629795	8.091645661328013	7.7949630981039295
ALDD2x_pos	14847.81239915307	15065.103849994444	14930.592217104366	14708.977729970791	13875.00250758044	14961.20026494985	14886.226916799327	15232.494262150582	14391.490318889317	14351.951261706645	14116.839886103851	14139.852929033354	15073.840513190127	13740.89855668996	14792.801454596263	14858.400150650916	15072.116028674867	14678.1182668248	14874.306867196445	14603.658428729988	14526.06721240896	14493.747991739783	14321.432868685508	14465.746781937334	14422.035391156083	14934.48232676744	14643.905106891478	15027.704353493196	14569.10263900618	14755.399249234202	14653.647579125276	15019.289829481331	14318.171905044735	13822.457274677145	14323.40491829679	14361.439286333967	14236.532864166014	14164.241331098172	14122.053773872698	14734.365993392596	15225.31319446897	14429.145984247132	14460.2498940441	14033.694670929885	14560.085775585692	14272.495758675635	14515.65985123291	13955.748710867623
ALDD2xm_pos	17576.752403244154	17843.703078323888	17467.35039966877	17067.19695486007	17107.149753722784	17855.22982326425	17044.578568519042	17888.856990355504	17761.863673043023	17383.828312780675	17430.55670949537	16371.507846596023	17790.647546942226	16763.879138247044	17807.73531192146	17877.193016477788	17873.992622410155	17480.259319016553	17477.212840174332	17510.725101784403	17586.618206617157	17275.920080841992	17180.692728455873	17542.68017620704	17456.15963699531	17842.528241466298	17447.000055982917	17862.590896783095	17413.7371485991	17845.414526220262	17532.96878383188	17830.765115899572	17406.71790704336	17185.79632327822	17638.30350875597	17505.792456340016	17437.965640232225	17144.270394248833	17016.528359621156	17484.25831692008	17839.208970702988	17562.004807148674	17526.85295742254	17091.74423067053	17782.486678834233	17570.678624570824	17241.893435368595	17283.269448089475
ALDD2y_pos	13832.891722711674	14133.928568267293	14353.56646644587	13731.142130775866	12926.972187083687	13960.314878867832	13520.60727282796	14517.259960045962	13599.920238799228	13406.903198465665	13255.837680942785	12975.40878877664	13887.33430002889	12785.1446997623	13873.089898827093	13904.272392655686	14611.951546163711	13986.08078484899	14097.13381920047	13800.224949165511	13582.40715780921	13646.547459677233	13559.71885412459	13502.70794826355	13374.41345277762	14263.525148759243	13810.672927694925	14728.691872927651	13450.26554878982	13837.900327256655	13805.414684700308	14178.665808849932	13758.411125978184	12932.676806505278	13438.013411436654	13494.114905134687	13543.4249219374	13154.669388067276	13491.407990761054	13680.62103750043	14660.30730288404	13538.801524986498	13298.481035188264	13256.96646908945	13884.46243156838	13278.256141068254	13270.008831072406	12847.954776125807
CAT2p_pos	15.182035672300422	15.176497993866557	15.143851423133798	14.90161141265485	15.1644999833629	15.11963324181404	15.17314350241162	15.182035672300422	14.820466833695164	15.161585842978427	15.177972407175352	15.17314350241162	14.806050509400547	15.177972407175352	14.901349317497534	15.12740211979841	15.182035672300422	15.10961048218102	15.127137700934924	14.852366502517848	14.895371294966862	15.17314350241162	15.175748542331943	14.791514592925378	15.1848667724698	15.176497993866557	15.177972407175352	15.1844959718334	15.113482547275895	15.12807208171432	15.183225951861973	15.177972407175352	15.176497993866557	15.1848667724698	15.160468424170636	15.1848667724698	14.862622175184686	14.856118222341566	15.1848667724698	15.1848667724698	15.1848667724698	15.182035672300422	15.1848667724698	15.005970422110844	14.941728538949231	15.1808881663312	14.859739621591316	15.124803054639644
CBPPer_pos	0.0	0.0	0.0	0.0	0.0	0.0	0.0	0.0	0.0	0.0	0.0	0.0	0.0	0.0	0.0	0.0	0.0	0.0	0.0	0.0	0.0	0.0	0.0	0.0	0.0	0.0	0.0	0.0	0.0	0.0	0.0	0.0	0.0	0.0	0.0	0.0	0.0	0.0	0.0	0.0	0.0	0.0	0.0	0.0	0.0	0.0	0.0	0.0
CITL_pos	9761.92182430756	9812.399689658523	9624.288824993142	9787.551585276193	9361.873758956222	9590.666653625189	9749.289037465876	9657.32456410877	9308.125281838747	9116.14381316657	9138.669942674089	9396.034040119332	9111.289468948386	9657.79678501756	9129.30889148402	9535.126451636956	10305.266470281378	9166.283948747288	9470.572564305436	8983.411805787586	8948.139735499437	9406.592714855366	9382.513123975205	9378.189419207994	9087.232851054843	9628.365072191924	9421.485671731922	9892.53861898	9037.425836863187	9802.199501719746	9658.601739396596	9437.930966965198	9557.145546277348	8654.753017920888	9147.633801572005	9490.821058447547	8675.896516626342	8491.363285607977	8673.234034808853	9156.90423630966	9489.086077614327	9129.440769067134	9471.87149662866	8611.02024043682	8989.8705671604	8689.287680462894	9633.717245951326	9451.667440134452
CSm_pos	7759.380460184196	7475.659161684646	7414.668212817262	7078.614708592798	7207.303847629624	7538.089681207551	7580.363189202022	7703.3032314070015	7560.361274781741	7280.998977188695	7476.821569367979	7581.693218462301	7462.466465667174	7292.274284914756	7510.357248505325	7768.482343440263	7843.12529460712	7313.1822839995775	7740.523639515261	7240.1570522486145	7128.6765637979415	7499.8588217231	7276.238882470259	7496.501690455794	7779.868523962689	7540.318153407327	7479.505981953479	7720.499990670694	7237.659701686403	7353.778816201367	7776.053134578597	7443.562591114344	7410.011190448684	7279.088572471703	7303.0842978301	7546.597930700138	7114.607980007424	7300.581262071431	7656.524510061234	7264.299204929521	7893.618816381591	7250.2445847860035	7579.774213266908	7283.878296379982	7238.885654457436	7613.701988170186	7239.301691148454	7333.151059425978
DPGM_neg	0.0	0.0	0.0	0.0	0.0	0.0	0.0	0.0	0.0	0.0	0.0	0.0	0.0	0.0	0.0	0.0	0.0	0.0	0.0	0.0	0.0	0.0	0.0	0.0	0.0	0.0	0.0	0.0	0.0	0.0	0.0	0.0	0.0	0.0	0.0	0.0	0.0	0.0	0.0	0.0	0.0	0.0	0.0	0.0	0.0	0.0	0.0	0.0
DPGM_pos	7135.918394345169	7439.138295917842	7572.176700531905	7627.167107799206	6698.981902621977	7247.879060927247	7027.562736410451	8366.430789475557	6741.089819193666	7297.50876817506	6871.0696074729785	6952.426063324653	7461.288561405788	6967.728028390757	7134.761422642007	6949.81465055232	7937.1752281522195	7198.955898825861	8717.505364449062	7059.979284839043	7072.353709252484	7239.40260319506	7113.9819508283845	7224.80494780909	6907.6544070766495	7189.08424737399	7085.576372185234	8717.132844667356	7056.798471324448	8199.87465696316	7335.552141053376	6821.412964090227	6963.483783484176	6831.071435652254	6998.562818882532	7928.552694837501	7076.786736327617	6783.634148980592	6835.4518719656135	7658.686519005184	8270.364289662055	6873.894170153931	6945.391654310217	6893.000258036741	7170.670356820488	7195.982353422486	8300.665772256394	6911.062995045031
DPGase_pos	7135.918394345169	7439.138295917842	7572.176700531905	7627.167107799206	6698.981902621977	7247.879060927247	7027.562736410451	8366.430789475557	6741.089819193666	7297.50876817506	6871.0696074729785	6952.426063324653	7461.288561405788	6967.728028390757	7134.761422642007	6949.81465055232	7937.1752281522195	7198.955898825861	8717.505364449062	7059.979284839043	7072.353709252484	7239.40260319506	7113.9819508283845	7224.80494780909	6907.6544070766495	7189.08424737399	7085.576372185234	8717.132844667356	7056.798471324448	8199.87465696316	7335.552141053376	6821.412964090227	6963.483783484176	6831.071435652254	6998.562818882532	7928.552694837501	7076.786736327617	6783.634148980592	6835.4518719656135	7658.686519005184	8270.364289662055	6873.894170153931	6945.391654310217	6893.000258036741	7170.670356820488	7195.982353422486	8300.665772256394	6911.062995045031
ENO_neg	18410.35360975588	17885.02333464537	18107.588723266326	18685.076090906437	17241.921860089555	18281.38250798677	17742.37706159601	18529.009052121	17632.431264053892	17722.954122254636	17932.10124513144	17791.33006118657	18018.09818077554	18029.210956580853	17869.468584562328	18034.73955361155	19105.98257834821	17327.71983756637	19026.85024038621	17945.231040574483	17720.521626729384	17595.66537737792	17608.611771689597	18192.29442560316	17581.629021527464	18120.420305767693	17754.532654635146	19211.718559810128	17751.51076092914	18386.348947623665	18035.896327067298	17608.518079761518	17354.67889832134	17310.080917905052	17843.802911102404	17667.1406137274	17979.368511470846	17487.667484908998	18117.8138732386	18759.344112652587	18375.248010566334	17469.61450448969	18058.497074155337	17058.742272027073	17851.69368417495	17723.55863113076	18562.19791472176	17597.06683506982
ENO_pos	7904.930366971462	7305.566788125225	8107.20357004181	7963.881160040838	6891.654126952131	7040.899963595932	6956.805136276873	8196.668935937556	6546.920200956039	7258.581287419572	6963.314629463145	7109.507592322135	7694.36275894249	7707.649156844739	7270.515354672859	7434.6559030312255	9136.618717372065	7676.656388981851	7728.2786004803775	7239.063716786327	7351.387174074936	7145.408692453022	7347.054472287003	7413.79494212292	7238.8478118205185	7584.735983137656	7591.676086578545	9036.169518502686	7623.134751325838	8205.644506615334	8158.047358525785	7092.838581907445	7152.016616715579	6706.22268306174	7264.263937074619	7981.473977597687	7022.141473972177	6937.858548983503	7256.244346356765	7720.4002899063535	8043.240498863796	7197.604758751378	7498.747928825812	7112.956112845358	7342.219671198587	6962.594625129494	8222.751039557716	6999.5719783561935
ETOHMO_pos	9.67244217667671	9.619927246096172	9.52236726940593	9.59651123035047	9.54764805432847	9.456114576934317	9.673177278147143	9.797051822791314	9.449247552281411	9.618109706366296	9.572877900464867	9.59018421398647	9.536161841170411	9.617235432332688	9.596920446060883	9.573613518300132	9.63545170456853	9.552362489081103	9.52252233178429	9.744683400883646	9.618311535478323	9.538574425397464	9.619804369188396	9.503364484808792	9.63854305492062	9.690668906009876	9.845859147566554	9.787869935594411	9.55503125287883	9.593473675435328	9.622998708535697	9.825242315217835	9.602434692722086	9.59637790508041	9.686908726757627	9.802838379371552	9.723909687372547	9.474772592252585	9.585913068809566	9.625345983229217	9.79008467732156	9.587541213276957	9.542754488042778	9.57727987616857	9.662871330513918	9.62412614541421	9.490937725331271	9.52392878608099
FBA_neg	9802.453003142768	9908.368365385882	9909.49083953538	9412.295894058478	9328.408710381029	10553.35688057306	9588.04772512104	10395.788107123584	9286.29760860661	9095.085245705011	9394.981090176483	8875.723672395388	9779.174558344896	9643.576640493216	9246.166605213906	9569.48858298154	10383.190937812677	9345.348974339951	10276.544523753468	9866.822196619172	9581.856580789476	9316.722323166445	9470.811037324149	9722.650111079403	8981.540057403647	10017.378913871336	9391.808263379831	10175.293256132005	9204.55986384113	9042.142153261062	10060.689625118144	9423.624394125149	8618.564292459772	9736.264659560453	9455.96075484204	9337.632293945777	9767.311553988302	9076.460648603575	10127.062218935738	10171.978372805228	9917.70327653261	9666.253137464631	10090.515596670502	9363.717572441668	9409.124397158854	9441.86452223108	10071.219180798627	9581.341161032193
FBA_pos	2833.749195301988	2952.304183650061	3246.6321499735363	2494.441877962572	2402.9603596998527	3510.6624625831337	2670.69089246726	2787.803407839227	2061.399981713155	2028.4815724336609	2243.590085725771	2109.2104266034	2977.2728815782216	2387.4780348133954	2129.103605661089	2820.9002938862104	3344.352673128737	2929.191000594564	2543.9598671776	2481.340673019815	2348.519022192358	2203.242067678908	2355.319375416822	2476.693119270476	2071.5081575746367	2795.322539411113	2234.261351119143	2902.037895442767	2220.9258814365626	1986.031913945024	3265.8804345161066	2356.414593618072	2065.808251560198	2500.10348068443	2509.3415645777823	2866.2706637089377	2542.9093627254524	2297.1554054649346	2834.7380932256274	3042.432247010891	2854.9932214135506	2415.108544741992	2945.295420572408	3126.288307241364	2912.631549329661	2626.778280289333	3056.1419413057383	2348.991089278012
FBP_pos	8200.02358004039	7641.988520378023	8006.736487042526	7619.447025974376	7361.05962513467	8241.053241629063	7321.140748513183	8137.119788709887	7385.781543964395	7501.379954182532	7505.687068445803	7150.57384695514	8279.244188517017	7414.212011887617	7570.828647309159	7988.340747802335	8602.215914787846	7922.84618255364	8206.59106502265	7586.618378957014	7593.157136412172	7636.11793117112	7631.780068894583	7639.636767445328	7290.3327902254	7753.689477331489	7609.745457132096	8787.666247584508	7283.854466431842	7606.878878248365	8185.11668648927	7518.285659959845	7027.0116288989975	7367.207390205576	7522.269371526524	7973.033454821287	7469.699862207508	7050.498050495147	7499.886122004781	8575.898201560522	7734.826057893095	7556.25787619333	7608.405128676323	7676.336795453486	7804.4247567244465	7362.081233811114	8464.844918670597	7480.393091111073
FUM_neg	3773.899023446542	3762.3542643336887	3762.3542643336887	3762.3542643336887	3401.195560728504	3765.607862019448	3776.0731862895127	3086.107092619537	3776.0731862895127	3335.452397490413	3779.730779489484	3776.0731862895127	3776.0731862895127	3779.730779489484	3762.3542643336887	3773.899023446542	3773.899023446542	3509.3676541146906	3772.9698251545096	3768.71122315445	3762.3542643336887	3776.0731862895127	3772.9698251545096	3762.3542643336887	3768.71122315445	3762.3542643336887	3782.834140624487	3762.3542643336887	3776.0731862895127	3773.899023446542	3779.730779489484	3768.71122315445	3762.3542643336887	3574.7901822734293	3768.71122315445	3765.607862019448	3765.607862019448	3776.0731862895127	3779.730779489484	3770.7956623115383	3765.607862019448	3773.899023446542	3765.607862019448	3779.730779489484	3779.730779489484	3323.0769588217445	3768.71122315445	3779.730779489484
FUM_pos	3773.899023446542	3762.3542643336887	3762.3542643336887	3762.3542643336887	3401.195560728504	3765.607862019448	3776.0731862895127	3086.107092619537	3776.0731862895127	3335.452397490413	3779.730779489484	3776.0731862895127	3776.0731862895127	3779.730779489484	3762.3542643336887	3773.899023446542	3773.899023446542	3509.3676541146906	3772.9698251545096	3768.71122315445	3762.3542643336887	3776.0731862895127	3772.9698251545096	3762.3542643336887	3768.71122315445	3762.3542643336887	3782.834140624487	3762.3542643336887	3776.0731862895127	3773.899023446542	3779.730779489484	3768.71122315445	3762.3542643336887	3574.7901822734293	3768.71122315445	3765.607862019448	3765.607862019448	3776.0731862895127	3779.730779489484	3770.7956623115383	3765.607862019448	3773.899023446542	3765.607862019448	3779.730779489484	3779.730779489484	3323.0769588217445	3768.71122315445	3779.730779489484
FUMm_neg	3773.899023446542	3762.3542643336887	3762.3542643336887	3762.3542643336887	3401.195560728504	3765.607862019448	3776.0731862895127	3086.107092619537	3776.0731862895127	3335.452397490413	3779.730779489484	3776.0731862895127	3776.0731862895127	3779.730779489484	3762.3542643336887	3773.899023446542	3773.899023446542	3509.3676541146906	3772.9698251545096	3768.71122315445	3762.3542643336887	3776.0731862895127	3772.9698251545096	3762.3542643336887	3768.71122315445	3762.3542643336887	3782.834140624487	3762.3542643336887	3776.0731862895127	3773.899023446542	3779.730779489484	3768.71122315445	3762.3542643336887	3574.7901822734293	3768.71122315445	3765.607862019448	3765.607862019448	3776.0731862895127	3779.730779489484	3770.7956623115383	3765.607862019448	3773.899023446542	3765.607862019448	3779.730779489484	3779.730779489484	3323.0769588217445	3768.71122315445	3779.730779489484
FUMm_pos	3773.899023446542	3762.3542643336887	3762.3542643336887	3762.3542643336887	3401.195560728504	3765.607862019448	3776.0731862895127	3086.107092619537	3776.0731862895127	3335.452397490413	3779.730779489484	3776.0731862895127	3776.0731862895127	3779.730779489484	3762.3542643336887	3773.899023446542	3773.899023446542	3509.3676541146906	3772.9698251545096	3768.71122315445	3762.3542643336887	3776.0731862895127	3772.9698251545096	3762.3542643336887	3768.71122315445	3762.3542643336887	3782.834140624487	3762.3542643336887	3776.0731862895127	3773.899023446542	3779.730779489484	3768.71122315445	3762.3542643336887	3574.7901822734293	3768.71122315445	3765.607862019448	3765.607862019448	3776.0731862895127	3779.730779489484	3770.7956623115383	3765.607862019448	3773.899023446542	3765.607862019448	3779.730779489484	3779.730779489484	3323.0769588217445	3768.71122315445	3779.730779489484
G3PD2m_pos	9583.980337294706	9374.516845745911	9798.43173297479	9678.733457008972	9733.198727710616	9897.287634486862	9946.83313723179	9034.790012044668	8486.194671256042	9206.291733424388	9151.747222921616	9134.170844555749	9642.837188781685	9725.308662561452	9657.03590935758	9357.304597203174	9998.957018788738	9341.30849854074	9465.608705057062	9526.055581380906	8844.00576663443	9680.857656896014	9414.902489603865	9505.300820006923	9747.990895689554	9765.248551069368	9658.060568188235	9869.64094018846	9466.647006756832	9770.208822712711	9815.10351264689	9472.557351385463	9450.081462898805	8739.703508457147	9511.759023180965	9668.780800984874	8877.369651301946	9379.020994664435	9700.048844684065	9577.626679794676	9537.037886948445	9666.66101343036	9707.664371805062	9330.157370362567	9509.93309873701	9137.840405440213	9804.177544425527	9579.190969295909
G6PPer_pos	10722.794211716531	10628.150612553642	10607.618910098308	10929.76186107792	10158.2404064451	10715.035324015753	10284.1478247686	11438.025558889312	10340.723889523775	10646.953526407304	10025.056747736977	10717.196635261918	11144.201975834958	10318.056271372729	10553.082116735197	10463.335799849823	11446.808172731622	10459.128344113897	11151.831324696652	10152.265285949814	10526.712719929285	10286.010909197985	10264.710302960484	10519.436232251584	10139.801489738931	10666.99637233465	10314.864356094326	11636.06737223662	10649.69000323844	10939.474736991251	10986.850365355567	10299.768272166	10274.930309140937	10064.08614567764	10287.063013744508	10567.831785827584	10441.05505071413	10149.749369191426	10767.894382503291	11384.753860442355	10614.1496012395	10763.73441998689	10510.40917261347	10267.529013068131	10916.26301547214	10420.461864922469	10359.89414373171	10393.822112713518
GAPD_neg	19447.663054887187	18928.40546395259	18864.784963236416	18624.907824220198	17877.613691041548	19075.964898955583	18186.08739804021	19413.7889275858	17843.493972102417	18212.61494474231	18755.134933630565	18445.35388902724	19258.04604788358	18680.06559136269	17754.314697245914	18614.0730977983	19839.67556700708	17828.578012500406	19201.16785982468	19070.66443313802	18084.774438161832	18718.69470342341	18337.00401873788	18742.78476559337	18254.00471090577	19372.87947574535	18473.31721602872	19812.301262574056	18094.18073103665	19114.58477064908	19257.27992581156	18267.920773474656	17801.01121548715	17905.600375107057	18470.946153159148	18613.863240027145	19024.869492330403	18126.2675054302	19090.540859043456	19923.62865254486	19119.7969563616	18728.618612541457	18632.46764798264	18597.239297124732	18825.138440703755	18868.743140438208	19013.136904720584	18132.92960593176
GAPD_pos	7906.984161664773	7307.284538514903	8114.402301593755	7966.269881750413	6893.157051130354	7041.399991263606	6956.805136276873	8201.442135401234	6547.231998563782	7259.323186457242	6963.455561155882	7110.853885126989	7697.195218899202	7711.189066041275	7271.643428895106	7437.315182065267	9145.618024455443	7684.307686384027	7729.556854044119	7239.504225398017	7353.3943983769395	7147.098673232581	7348.8058921812735	7416.157291386109	7240.223524307152	7586.889028987516	7594.566964880228	9040.759206660765	7625.281844026785	8210.907021703659	8166.709078776562	7094.42123188809	7154.136178255727	6707.645595390038	7265.961947184168	7988.11944520308	7023.28499868054	6939.36582475713	7257.802818360967	7722.706199708719	8046.725787500733	7199.549412859207	7500.6945512205875	7113.800682410047	7344.998075981867	6962.659953281722	8232.313237670183	7000.886316410419
HEX1_pos	7907.410033845154	7759.796788884771	7781.757170800312	8148.736403457078	7368.435488145041	7889.418148105206	7536.333794721405	8502.20177302967	7247.884108965115	7860.354320136488	7259.754616801782	7921.444838599684	8467.438218777432	7698.105445540953	7544.385827461102	7713.651929574416	8928.440604791547	7787.316954036267	8260.762434845543	7434.372460705469	7643.060525814604	7624.438887493118	7498.588962259854	7751.976200677112	7433.661376800264	7655.509266782946	7577.484862852588	9058.989534691334	7915.489684223114	8285.225386502034	8292.365037486275	7456.166839230833	7402.358436256959	7138.187695253797	7624.471009241486	7975.618718729304	7599.470629842864	7380.965369840112	7964.846907047962	8587.893635814522	8361.549664534852	7821.722676641457	7953.152409534311	7634.324375780035	8046.22827830615	7608.806171158771	7693.729251950021	7459.385720894463
ICDHxm_pos	2434.630935555936	2473.190930399865	2309.201940194805	2127.884279762024	2281.3318085202327	2220.890231525187	2239.3552225358903	2208.3431012726523	1961.5125760992871	2063.809739537368	2570.039950076984	2074.609988680882	2641.2885860776887	2756.570762708393	2552.831106377415	2707.2788393809915	2833.3581741441226	1827.141426935848	2563.3277125959926	2092.086702412424	2024.632918934092	2508.6940663660453	2290.5989743266373	2288.7690471636797	1684.179563173042	2299.0884051645507	2686.9947290608743	2165.811590525043	2065.1278757739888	2569.2403129940853	2252.2569691716544	2143.319777324348	2000.192399622584	1778.8864574577224	1988.292520118429	2628.5782448928594	2173.976153366453	2212.162508250656	2171.355184405235	2336.3031130171507	2252.825210077021	1995.8252884782569	2100.435995387288	2135.413967565067	2253.6451762720944	1976.1689430190447	2388.1819794416247	1878.381246247893
ICDHy_pos	8560.170965508987	8757.157022361069	9222.588049248756	8855.141545487531	8381.611556957678	8478.17116621909	8558.182060087362	7914.61762249516	8600.857998711868	7861.404120650504	8389.298037241957	8206.147611834878	8495.71464547661	8612.196632671346	8239.93601674666	8142.467440940263	9276.048804968546	8071.642897433648	8275.202724395642	8140.743885268076	8191.880228568878	8468.787556794148	8257.25640141164	8291.28386145498	8190.633901916724	8204.262932861824	8343.713051405397	8625.296614311592	8605.962691907655	8494.708822884333	9308.17518401521	8494.764897640993	8327.964461736996	7283.091976250917	7988.630208849405	8362.205286931443	8084.048013857964	7950.028412611005	8059.924964152053	8208.087616353741	8611.104867431091	8612.481044099	8179.678567130859	7802.968362494054	7940.837479529042	7635.296888338421	7951.508149584191	7760.476935122308
ICDHyp_pos	18904.383427230507	18614.05308114442	18661.354917962548	18319.95377111098	18568.289732237816	18707.692144489163	18685.642166921323	18416.998415120823	18422.88111099016	18018.612056764054	18426.75934019319	18168.045701162533	18751.83298394876	18700.105448476774	18337.96482176909	18385.496236926432	18868.94679408864	18297.286080824088	18793.40673968844	18384.38280650949	18140.511557787384	18547.03825731974	18389.638562078195	18606.162867566523	18292.98756469923	18401.519742049117	18493.192477363347	18959.98769951301	18574.333350245182	18898.50074637797	18927.14440684889	18748.65289305538	18421.691265625443	17918.80429607576	18392.711149601488	18707.95686618048	18601.5869690743	18301.5647281163	18781.65141981738	18611.76221459457	18761.719141545647	18451.96948068109	18794.83660632797	18403.652029718032	18358.436168612967	18308.609190797644	18429.742756667623	18399.68185414403
ICDHyrm_neg	2434.630935555936	2454.1835522701967	2309.201940194805	1893.573189255429	2281.3318085202327	2220.890231525187	2239.3552225358903	1891.0653247279283	1961.5125760992871	1597.5607591580222	2570.039950076984	1715.503293038893	2637.671001484608	2656.724436305712	2074.279554871468	1952.74324759744	2652.136190422615	1746.3550454672722	2563.3277125959926	1916.5068348427665	1963.9310773071695	2508.6940663660453	2167.029810061447	2288.7690471636797	1387.6605181418838	1924.9447562558803	2050.369804690286	2165.811590525043	2065.1278757739888	2569.2403129940853	2252.2569691716544	2143.319777324348	1861.525462058426	1638.3530257741484	1885.9825977729688	2628.57824489286	2173.976153366453	2212.162508250656	2171.355184405235	2336.3031130171507	2252.825210077021	1932.616540222112	2100.435995387288	2064.7886811390026	1981.280973703262	1740.158034023055	1577.532701478371	1827.4308999661769
ICDHyrm_pos	20657.60844838383	20139.911014850302	19937.73495391981	20182.280414233624	19407.526789175496	20357.964907353875	20149.637010479142	20767.9172894148	19761.76815434522	19710.026161841182	20239.738849278816	20135.822467495116	20496.17591050517	20277.28218791911	20206.00314974772	20340.1272502776	21178.354791291647	19715.804123555063	20997.433464889065	20499.760004457574	20310.566268549577	20321.652486340085	19954.16585008101	20029.322345983008	20153.929357490368	20323.29347744108	20671.00009597116	21061.138334212807	20318.75671032048	20719.670239057978	20433.18781031777	20382.72648554013	19566.13639675777	19082.192278214257	19688.844607683048	20222.24524597684	19483.19460888484	19731.776578277644	20376.747990443957	20232.601783223137	19939.37248169856	19565.274528512065	20696.03446497236	19649.17483156941	19957.50572559382	19689.084948263408	19790.366393509477	19346.19488323173
LDH_L_neg	5460.341850761817	4996.969200596048	5506.477239633125	4944.104875616186	4893.749603639955	4704.719727189862	4566.806015067485	5515.111721736736	5344.920075500669	5435.001267487327	4842.471383883414	5050.862403097873	5438.109277300545	5492.159183926736	5471.487822568901	5438.876946539997	6280.673947347166	5366.737982928804	5572.869588966483	4972.218194332072	5322.960067022312	5395.724139373865	5387.4249566370045	4866.703380326082	5428.750772144867	4588.0608689783385	5546.459044915139	6268.804804432972	5363.269083671694	5378.252125964127	5490.604637062952	5382.670311771384	4956.537588757488	4856.061458934004	5348.259039553906	5402.823162836716	4626.496628268576	5157.337648672423	5401.204966255781	4856.1874545730825	5471.435405558105	4910.182560190888	5493.091787626645	5515.1910785576	4849.956515942074	4929.136794953714	5367.9405672833	4871.374850577635
LDH_L_pos	4554.056104949759	4348.1346309166765	4603.487400359511	4291.079910313501	4189.110348284123	4136.92317479537	4080.5410274349097	4615.74819156981	4447.905654873216	4539.451065654079	4212.89903034095	4442.114233635828	4542.181923323946	4593.907578126686	4568.885956077781	4535.518436896324	5374.813102759637	4466.888981327516	4675.228259511036	4344.104325027171	4419.871405165064	4502.5354015697685	4489.595889750266	4226.080037377059	4529.379795030187	4071.0721553858334	4644.941160676652	5367.415687689454	4467.270082181038	4471.937819320777	4590.317859653185	4483.299334656703	4281.92027423227	4235.582345545761	4437.306875149297	4502.383548263099	4049.506076942897	4445.257494343772	4503.650603184087	4337.889119002629	4571.142364832891	4190.607148878635	4592.810883686123	4615.290652557361	4195.041738177974	4249.967370170493	4467.121000757974	4223.232442900655
MDH_neg	9668.476453636353	8850.966012664978	9501.062676431831	9121.25038097893	8444.355352079136	9493.151742115018	8913.317443447942	9217.282021160823	8921.015492200217	8393.528017359884	8739.650726519894	9011.080540716202	8597.944118046089	9205.492757183416	8734.381848581392	9112.442478083663	9902.27602544105	8472.804756450223	9328.02593977058	8831.804444795214	8415.278697121117	8792.10249183093	8635.16136178793	9263.20246078952	8391.454292591225	9528.916501384076	8763.247005719946	9777.245487371902	8703.808176325483	9343.878075606175	9533.020935373272	8825.11983197559	8710.173404077148	7849.64188774398	8812.276043454263	8487.792641678096	8527.855304445819	7644.288666263014	8518.00601199956	8747.250847100857	8770.448275098302	8554.67012394874	8769.52555243482	7724.575732498949	8595.443450613751	7758.893602846725	9541.291014276952	8512.65807512294
MDH_pos	10466.847345346134	10340.60911399399	10384.86003101534	10252.90969261953	9916.356886917294	10005.219944218225	10031.830907619707	10443.051715147663	9912.02359230779	9911.415253633691	9746.22118661386	9885.531965016442	10073.397854355126	10392.280457457193	9903.093062444255	10256.947347995108	10765.182335532803	9862.174398511412	10249.280857721393	10215.075838508372	9909.83540587716	10381.151804471272	10070.239337007855	9905.800183620748	9806.344336228964	10286.096714350544	10186.146864428156	10849.22603603767	10004.585082675056	10431.790756835417	10438.092766035728	10276.371615881408	10020.615796553811	9909.411917843476	9995.394223556408	10247.771874168218	9931.257491155326	9846.428905375426	10054.77133192164	10206.070052369534	10337.43738311893	9916.505010748368	10310.40903764047	9816.406969949943	10053.41860194214	9764.333617760269	10343.047796407876	10120.489496964512
MDHm_neg	8063.01578600745	7993.279728582434	7937.603180489032	8372.707745928003	7944.739945265253	7975.452769182711	7937.580536444494	8029.104688760856	7955.5109885565425	7738.079379431132	7954.501993097545	7949.747555744854	7925.222387857506	7984.375126031511	8022.758014896101	7942.383276873727	8407.733208166639	7892.241427979375	8081.821437430769	7745.123301857637	7874.2670133635	7783.397909782259	7679.551722141311	7938.391386434749	7882.578791496511	7972.759691242619	7997.736772648173	8451.261976140315	7922.581361474102	8425.25756667211	7936.552035114378	7904.389021170123	7949.773574018768	7689.671811283195	7921.605469774443	8005.586063728844	7941.823805825057	7910.428643137902	7930.39669030413	8014.76205422398	7658.6068771480095	7657.60074985257	7898.276805951687	7946.253237548168	7934.487238761621	7439.375609778391	7391.031158350841	8104.5445281681
MDHm_pos	9686.656621253254	8862.590807748997	9501.149288493176	9141.116999248676	8453.039838440376	9508.07413149964	8910.323144324571	9226.743563019323	8931.17692740215	8405.756904661228	8749.093303735335	9014.70440565985	8607.000441178656	9219.756622761272	8744.273194514248	9125.272565496232	9914.961737060745	8485.302309940203	9342.134757813565	8831.357266209487	8427.048141390122	8796.21185057323	8647.703450950454	9282.211735017834	8405.972332460546	9542.720261519802	8772.495650026554	9791.941348661372	8721.8387544935	9352.764717087057	9538.75125671642	8831.509078672165	8720.91912001748	7851.249971567989	8826.213542171867	8489.949944379568	8531.164538615772	7644.754219173754	8521.382244612052	8749.85323719348	8773.95822380952	8566.203804326235	8777.791345411486	7725.770189261007	8595.411721344743	7760.880827550611	9565.95681006539	8531.580921356219
MDHx_neg	17.36318522458395	16.72361042091255	16.968399612974306	16.48845423221099	16.54363183905528	16.253889244781266	16.03096732548314	17.07310594563874	16.5594766816245	16.88756720525464	16.305134624358608	16.5551657504584	16.74662266428789	17.059212425614646	16.991978583047132	17.094887676213382	17.442986019530252	16.938425234938084	17.085205543730265	16.516728850053617	16.71568794049898	16.84773405680643	16.98308325303187	16.5065772670078	17.008571531223737	15.862351802597637	17.09487410057146	17.44856459552821	16.849855235702726	17.293858903842278	17.014392252312533	17.117971685805166	16.644784584963908	16.361360746675135	17.01441902731387	17.095982747490744	16.06021217714319	16.44871857950187	17.16019374033114	16.511640864338382	17.151780161971644	16.56384532277886	17.16420266247735	17.036930522406657	16.40262291346566	16.533779727448362	17.069472327653127	16.226580152201986
MDHx_pos	0.0	0.0	0.0	0.0	0.0	0.0	0.0	0.0	0.0	0.0	0.0	0.0	0.0	0.0	0.0	0.0	0.0	0.0	0.0	0.0	0.0	0.0	0.0	0.0	0.0	0.0	0.0	0.0	0.0	0.0	0.0	0.0	0.0	0.0	0.0	0.0	0.0	0.0	0.0	0.0	0.0	0.0	0.0	0.0	0.0	0.0	0.0	0.0
PDHm_pos	14193.338103859583	13728.478567385962	14095.38729174199	14023.110711118665	13672.248665960193	13836.053815438408	13687.318221471098	14004.921594236255	13731.093584616538	13963.100103968114	13591.502386212462	13591.150743062177	14225.158287047754	13793.212398917252	14209.668465468458	13905.779179669693	14449.33610730966	13786.382243290274	13943.284832877403	13610.440816959162	13838.64464328553	14048.497761031744	13802.084617272702	13752.506284248178	13781.33319268503	13927.80063098072	13816.632159242645	14599.443462440831	13646.66729344069	14201.542158651842	13969.176747447473	13758.837001116704	13374.576104214622	13094.719025246866	14004.303899613878	14117.648950436129	14006.005526025438	13512.199906159192	13845.149526013862	13380.05542879412	13886.58442780012	13434.942694503365	13810.07908003602	13826.40571548202	13801.433425418049	13699.84557490281	14578.043641532817	13390.865204955577
PEPCK_pos	11200.277035036612	10854.0756215106	11170.418306532783	11099.67919285824	10440.377715012432	10609.069066273309	10740.857311677808	11357.750620503108	10645.515102582109	10655.86901571282	10435.79324946938	10704.912324869289	11033.505813377971	11207.306718625756	10784.460189382928	11087.465708695285	11682.562553811023	10593.59907003879	10967.61168323366	10886.634411443152	10679.601783425924	11112.697061914396	10715.7953437202	10624.712636229042	10435.758581637085	10966.731114503513	11040.641319992172	11662.685460674782	10797.012176153616	11470.386523683384	11261.207820635002	10893.898593145756	10621.21676104206	10534.901659692792	10812.543919483143	10728.9252997123	10630.146466994787	10497.537970424515	10882.802612817772	11021.254347218148	11161.420291216657	10613.34948312376	10988.519396777898	10577.302406005365	10763.535288445575	10433.883268318132	11031.84233598602	10877.469132311631
PEPCKm_pos	13409.73113276202	12971.16953779042	13393.916228064243	13672.223333729493	12970.299522803614	12812.884416114488	13138.114127188926	13306.241629412889	13023.410726704698	13218.395575861876	12973.499467943651	13185.432377592517	13194.989174747689	13393.300409317437	13277.267604636509	13114.855910921424	13761.75940388147	13059.490628684083	13216.992258133045	13144.7688386762	13318.39824699514	13306.854411444934	13197.842917099431	13100.565700005516	13034.038706097956	13143.419565182665	13422.757187767438	13750.265281473814	13504.296530188927	13789.980527244632	13379.413652203064	12966.88231132153	13046.875382785123	12890.609943412015	13252.37517721066	13009.648394603488	13110.800101939283	12980.704637370583	13312.206673773282	13351.451542237692	13367.9875815048	12749.273817717523	13463.261725414452	12822.39320017239	13095.888440937326	12731.003751625609	13389.312891902491	13048.908568619698
PFK_pos	2833.749195301988	2952.304183650061	3246.6321499735363	2494.441877962572	2402.9603596998527	3510.6624625831337	2670.69089246726	2787.803407839227	2061.399981713155	2028.4815724336609	2243.590085725771	2109.2104266034	2977.2728815782216	2387.4780348133954	2129.103605661089	2820.90029388621	3344.352673128737	2929.191000594564	2543.9598671776	2481.340673019816	2348.519022192358	2203.242067678908	2355.319375416822	2476.693119270476	2071.5081575746367	2795.322539411113	2234.261351119143	2902.037895442767	2220.9258814365626	1986.031913945024	3265.8804345161066	2356.414593618072	2065.808251560198	2500.103480684431	2509.3415645777823	2866.2706637089377	2542.9093627254515	2297.1554054649346	2834.7380932256274	3042.43224701089	2854.99322141355	2415.108544741992	2945.295420572408	3126.288307241364	2912.631549329661	2626.778280289333	3056.1419413057383	2348.991089278012
PGI_neg	9894.828877361137	10069.215665286156	10357.617261328016	9791.072405879897	9091.524577734312	9898.960816530796	9769.129278669292	10032.652261292718	9101.818814748069	9708.406299866436	9826.911579033584	9152.02902531486	10071.330094423953	9511.38072999603	9896.18405774112	9731.54392799926	10725.457788198606	9792.286528422042	9902.896954852942	9794.334544568464	9739.697869023314	9519.298396072709	9555.967216492769	9679.314920308812	9743.83023888557	10435.434165726943	9433.330538865348	9731.231653131725	9608.384571748207	10459.273455803472	10379.535996611254	9881.982671327834	9230.742808244082	9332.465275116603	9333.361814903876	9847.91068511126	10349.652398203403	9182.69081737262	9699.395140617404	10063.498553176554	9923.119427440826	9630.542990216038	9827.154500838253	9664.90097319935	9985.194582597023	9804.079359443956	9257.757232792124	9323.468220948916
PGI_pos	10624.006387696349	10707.661916910767	11034.33540093383	11251.92870719865	9902.65222347818	10926.231253286807	10278.812069625745	11303.665382504028	9780.89533560875	10783.222231506616	9965.766877970387	10622.351266341391	11626.132579887775	10673.99550684526	10275.988946755266	10626.31021715716	12031.681983963465	10671.741810222977	11214.041060537678	10404.258204521946	10419.75553686192	10341.16815153551	10366.480454183746	10861.498955465411	10330.705183066832	10680.8909196653	10548.787670233349	12317.082974153189	10788.707402378795	11356.791914954558	11394.163641962514	10490.311003812005	9878.893425793996	9648.2232451392	10776.268092068089	11067.942190419486	10365.749841207607	10089.854233467797	10672.206566783809	11837.32623211343	11682.648038091156	10475.102486826294	11033.469252230489	10581.574629031684	10947.148296440057	10648.259885844203	10791.280931702231	10009.287036153995
PGK_neg	8457.293149727759	8216.916333673156	8527.467005407003	8520.096212140326	7757.176233805882	8281.64624325976	7730.48609041264	8999.112107292514	7361.728144824614	8080.4612343451	7620.262493049597	8173.571852321837	8950.317639671788	8195.127562470407	7765.030875732346	8213.151865223235	9408.221444666511	8330.091907421203	8907.891395275296	7867.777455060981	8054.356105115483	8313.618229396121	8043.625600515811	8218.942732159836	7663.706503157244	8039.276675410751	8311.531502321479	9538.403242577346	8310.715855628345	8744.836752622185	8778.780883221458	7947.634090605231	7688.040378508036	7511.444874354403	8314.815190944855	8479.666742213507	7923.750654545639	7729.583325180259	8245.931294008047	8989.784209932537	9148.029283052005	7997.196437548736	8298.390873314655	8047.033338106167	8293.601171558226	7913.098882436399	8653.597144301828	7806.471780679464
PGK_pos	8792.607075505448	7805.637746815106	8706.00333805194	8250.024897352776	7999.892386071236	8793.771928548082	7528.925616271996	9118.14475571196	8229.954095888092	8073.509951944698	8579.613516715246	7854.017214212815	8351.640306656605	8687.665126836182	8196.133920766923	8217.11232803338	8478.711711596028	8049.107003324158	8794.98800691758	8854.898673790089	8204.95287528464	8229.699669777638	8330.395436303006	8295.268470495992	8106.683662531884	8421.093384246897	8129.849720582212	9171.074957636223	8306.7684882104	8096.09571629375	8560.710645231713	7976.513674913394	7984.469317656724	8236.225254724415	8258.533290177991	8027.818947387442	7976.267849784737	8085.5294665021775	8481.590570582814	8753.348596312857	8115.903827329143	8332.814242999255	8175.254955962169	7763.093174710001	8190.110079528482	7936.245809922912	8741.51170667524	8246.922325435466
PGMT_neg	11457.625473016653	11797.536173213202	10609.084678646752	10770.39126391096	10014.72111819121	10402.81421229894	10895.82679096133	11166.092171186345	10410.93760662052	10761.941682277222	11336.95043657884	11145.052511237667	11702.467702819296	11074.224612556229	11018.186545444973	10500.775103378128	12064.577852103434	10706.536944542062	11020.886450449878	10990.45113234839	10302.750517183786	10822.770578915392	10797.328235325384	11144.25510946958	10620.123730834535	11790.376007836963	10971.070176261655	11856.658284045992	10763.594328488734	12443.596943157849	11239.47089963256	10397.41032261331	10535.160433135576	10172.454876673097	11053.651802458377	11033.683766686852	10809.510108364912	10726.409279438803	11382.454792542152	11622.866972308057	11954.925777925007	11026.688503538922	11481.578937056687	10988.144576261537	11179.058764354522	11633.66027217366	11103.02272477226	11381.295533653942
PGMT_pos	11331.006583733082	11355.748147741177	11983.900061822089	11176.011957394185	10725.320412420586	11151.748865738233	10846.823300596136	11723.07292337032	10460.683229551229	11235.219954186889	11101.226536939768	10745.505543593548	12362.26913558639	11115.451400476104	11098.769060701034	11454.253420860232	12837.144532855307	11500.272221092766	11559.657864392117	11397.257361876746	10874.4086663288	11406.149571834212	10595.76768876317	11197.420546221078	10751.873367901304	11373.225048349575	11506.061430674636	12764.159076150983	11021.556594774283	11887.218385772838	10902.237638649152	10822.063778306772	10128.795433459612	10554.782000626868	10865.677869676989	11950.42412225506	11613.041725483665	10555.93263067114	11081.426979582036	12193.549005946716	12204.760513471672	11235.291873687622	10987.831404638824	10908.301536483155	11035.6471325438	11344.017879962215	11381.789805509705	11232.514546116994
PGM_neg	7905.81371606434	7306.171269366753	8111.854644536308	7964.930116581322	6892.103221163156	7041.326094710781	6956.805136276873	8199.982440063197	6547.231998563782	7259.20822660027	6963.455561155884	7110.008445559511	7695.747694389023	7710.155347660872	7270.945250152183	7436.287615903384	9141.384295709762	7680.916672323477	7729.556854044119	7239.504225398018	7352.126596063139	7145.903923323178	7347.591190967184	7415.3461743945	7239.482615129601	7585.832266253617	7593.167673868592	9038.847449780673	7623.637713862441	8209.364428406438	8163.349781586362	7093.256067660456	7152.532534433395	6706.754796933127	7264.904497219733	7986.624329632782	7022.675772344012	6938.292431475767	7256.660383555337	7721.893077800743	8045.329085480078	7198.396267157551	7499.411607585877	7113.42324556018	7343.814280690458	6962.659953281722	8230.921149858461	7000.033371811833
PGM_pos	15500.20960790223	14757.72384264762	15234.184306979663	14711.1127332759	14093.489433661473	15447.771067438702	14994.734103395787	15403.680694104374	14419.792158584243	14935.572337021758	15112.660478347789	14812.938550155945	15252.82683689227	15146.14981793967	14952.428626941111	15128.330731622722	15626.173209381755	14574.17054917319	15905.89144861971	14920.91668845676	14754.156521313782	14541.155858147898	14977.224062124753	15357.51047659568	14958.9623629224	15093.3150762923	14898.165900009782	15806.249634549957	14710.266856109523	15077.575060694437	15280.6298148608	14539.05440367119	14282.411238951328	14443.497411637774	14566.358081918952	14923.180903633942	15167.75831027518	14668.98598026529	15353.80213976741	15607.957406315509	15021.365196472838	14287.666189218588	15116.83998402312	13996.787982658638	14642.07664085794	15131.997144988103	16245.291668310903	14434.961027971223
PYK_pos	1170.5696121557585	1269.5972326541698	1233.3834002015442	2436.3377017277835	1063.1631848629972	1054.3909038509846	2018.8318780501647	1285.666792937861	1196.2303076953335	1253.0432151753475	1164.774493379094	1349.2510580204353	1355.8715840514235	1202.664555400979	1463.245858589875	1293.2931067211582	2102.927035414599	1166.8019204466098	1195.2518889585413	1137.957380230459	1052.7764404278532	1192.446398868222	1084.665840311997	1185.9358651306336	1033.602979150474	1187.2724072907963	1189.2841277131483	1184.22930360431	1274.6316003967454	1600.9083168974385	1172.378150102615	1141.929376989386	1293.6276565620092	1126.692046989056	1137.2248019919298	1154.8755718872262	1117.808580996789	1132.7204340835815	1206.5051300079178	1417.0691476097488	1367.5928376056554	1107.5814256230378	1164.5277536673334	1307.685269105086	1232.6904808678664	1138.6842992235051	1115.562010685622	1582.3091662199745
SUCD1m_neg	3254.8189338169227	2703.615186624741	2434.8049610152257	2562.245960949645	2568.3301029817385	2909.612561277835	2387.299606201682	2849.1787714998227	3059.853544704956	3336.1021209479154	2859.3534947163253	2443.3615237054014	2118.5115071247565	2073.8834312089903	2812.458101598282	2860.0353673405125	2793.5568821641423	2264.228600645196	2931.343750920048	2941.7880036398524	2758.684201169701	2451.5844363598308	2978.4403891428115	2807.129351384959	2800.485490874668	2851.592572653665	3081.6425564622123	3499.5675127903382	2363.865607119559	3128.4359976462924	2980.433726954373	2866.656484537114	2366.1290542998777	2654.2778656559613	3050.876748555612	2456.1874943257053	3104.0071994729333	2513.1269210471733	2346.22161979535	2575.3779908511733	2990.1630631993125	2144.543976482453	2301.454404883605	2391.6815532425944	2423.971255523744	2544.049139924576	2931.7171006377944	2497.001491199627
SUCD1m_pos	28010.874328417576	27017.66722150994	27005.79712367114	27117.060646262027	26810.06714353413	27373.66251515984	27013.211213946317	26678.25346103588	26465.261432734344	26253.408629554782	26786.93354360212	26754.31391764212	27640.424079884808	27268.863434108145	27514.72030740809	26777.240255655728	27610.63955850177	25863.12734729064	27701.09002506069	27105.015116977655	26084.3124508333	27007.93367763962	26605.75385099157	27037.414590783348	26620.52890377232	27201.853598086647	27483.93053397469	28281.05611665456	26740.889403186346	27560.02049892186	27574.63835962351	26889.25250657832	26577.589809462777	26001.352328272184	26758.53358449868	26465.712077038606	27076.71103436601	26870.425090297507	27365.99583915326	26826.86767964492	26901.209606831075	26501.10296612891	26621.400375953704	26574.374565470032	26976.131056486123	26461.94158551846	27207.306769423547	26690.31740103082
SUCOAS1m_neg	2422.1702541537325	2293.7476238824784	2714.908790144445	2549.1747152500043	2693.3731348948013	2230.0842563394594	2704.1968322798784	2730.251387767037	2058.523257961684	2092.328359897528	1770.6861619542608	2270.6562644666424	2439.7945646140106	2705.6811736334275	2714.908790144445	2719.325469939969	2482.911938735717	2112.995402385215	2694.038180654226	2708.0879434288645	2004.3322826834924	2132.332217603853	2208.134837990658	2178.9246366595435	1812.0402868050728	2714.908790144445	2519.8455530155443	2728.7131618769445	2172.0089386736227	2716.191676346617	2343.1295131107213	2251.6672273812883	2714.908790144445	2361.335435868131	2201.5100575382294	2553.885682182758	2332.907801522033	1928.712594220489	2696.342886110612	2113.21187634078	2710.391979368308	2315.50024339266	2297.1264573497883	2386.8483056623945	2384.219946246687	2126.151396564941	2704.4677466472594	2448.7712809340505
SUCOAS1m_pos	2422.1702541537325	2293.7476238824784	2714.908790144445	2549.1747152500043	2693.3731348948018	2230.084256339459	2704.1968322798784	2730.251387767037	2058.523257961684	2092.328359897528	1770.6861619542608	2270.6562644666424	2439.7945646140106	2705.6811736334266	2714.908790144445	2719.325469939969	2482.9119387357177	2112.995402385215	2694.038180654226	2708.0879434288645	2004.3322826834924	2132.332217603853	2208.1348379906585	2178.9246366595435	1812.0402868050728	2714.908790144445	2519.8455530155443	2728.7131618769445	2172.0089386736227	2716.191676346617	2343.129513110721	2251.6672273812883	2714.908790144445	2361.335435868131	2201.5100575382294	2553.885682182758	2332.907801522033	1928.712594220489	2696.342886110612	2113.21187634078	2710.391979368308	2315.50024339266	2297.1264573497883	2386.848305662394	2384.219946246687	2126.151396564941	2704.4677466472594	2448.77128093405
SUCOASm_neg	2422.170254153732	2293.7476238824784	2714.908790144445	2549.1747152500043	2693.3731348948013	2230.0842563394594	2704.1968322798784	2730.251387767037	2058.523257961684	2092.328359897528	1770.6861619542608	2270.6562644666424	2439.7945646140106	2705.6811736334266	2714.908790144445	2719.325469939969	2482.9119387357177	2112.995402385215	2694.038180654226	2708.087943428865	2004.3322826834924	2132.332217603853	2208.134837990658	2178.9246366595435	1812.0402868050728	2714.908790144445	2519.8455530155443	2728.7131618769445	2172.0089386736227	2716.191676346618	2343.1295131107213	2251.6672273812883	2714.908790144445	2361.335435868131	2201.5100575382294	2553.8856821827585	2332.907801522033	1928.712594220489	2696.342886110612	2113.21187634078	2710.391979368308	2315.50024339266	2297.1264573497883	2386.848305662394	2384.219946246687	2126.151396564941	2704.4677466472594	2448.7712809340505
SUCOASm_pos	2422.1702541537325	2293.7476238824784	2714.908790144445	2549.1747152500043	2693.3731348948013	2230.0842563394594	2704.1968322798784	2730.251387767037	2058.523257961684	2092.328359897528	1770.6861619542608	2270.6562644666424	2439.7945646140106	2705.6811736334266	2714.908790144445	2719.325469939969	2482.9119387357177	2112.995402385215	2694.038180654226	2708.0879434288645	2004.3322826834924	2132.332217603853	2208.134837990658	2178.9246366595435	1812.0402868050728	2714.908790144445	2519.8455530155443	2728.7131618769445	2172.0089386736227	2716.191676346617	2343.1295131107213	2251.6672273812883	2714.908790144445	2361.335435868131	2201.5100575382294	2553.885682182758	2332.907801522033	1928.712594220489	2696.342886110612	2113.21187634078	2710.391979368308	2315.50024339266	2297.1264573497883	2386.848305662394	2384.219946246687	2126.151396564941	2704.4677466472604	2448.7712809340505
TPI_neg	11366.065976953158	11735.749722771254	11682.89032727543	11494.516773267187	11162.553629328471	11641.3196026609	11260.757564213704	11728.076626879125	11704.788451610046	11477.87022582154	11288.78695274848	10764.467296349969	11652.441017220885	10912.717508216923	11718.453958638082	11670.403650637933	11721.868638269652	11675.054904567512	11661.38552640191	11423.042558670166	11691.74008532446	11530.735382804816	11335.37292687354	11458.671901309488	11265.80496589162	11726.395244994588	11521.604717688951	11675.703192617251	11603.640389787472	11689.864214363628	11350.162195204686	11631.978344194162	11686.323621934293	11312.307195985495	11431.51910456101	11277.73252933176	11216.084682011651	11486.519833490738	10810.84090339848	11321.22290356501	11633.476124717872	11328.63372628685	11360.304226363496	10939.12086527831	11676.387142035264	11464.824641309384	11394.394974655166	11417.196189865796
TPI_pos	8924.56189969292	8726.204085877225	8944.495130154935	8917.714208626576	8479.046397186128	8558.685726639167	8524.632772377381	9142.183851723928	8030.045135788028	8723.724662926808	8545.96618630132	8818.88629589731	8900.947090622194	8695.94978069806	8519.966551125464	8629.49304599307	9554.546063413756	8645.427996123273	9150.973834138376	8755.763841802527	8674.223294991732	9108.619484805678	8737.049368112315	8548.243527231307	8580.878604122838	8616.804733869572	8625.827737972675	9743.080075900943	8929.271100522135	9017.121427609254	8964.82556693775	8432.342503886826	8474.21354855788	8279.418922969056	8558.364188366348	8681.995720953344	8630.647465291493	8584.883691654795	8735.102101661982	9090.888787039212	9119.36284013896	8342.123087089109	8854.612833648234	8683.130230745652	8360.227874864437	8753.286383169501	9215.018349430173	8602.424717386742
r0081_neg	2827.985191040906	2825.091841971237	2830.495794017444	2825.091841971237	2646.283963246026	2820.2887590123	2833.810218284199	2446.2033253708955	2562.34119258638	2833.810218284199	2828.6149438564366	2829.951942936442	2833.810218284199	2828.6149438564366	2825.091841971237	2833.5372418705124	2827.985191040906	2829.285613649233	2515.268150193405	2825.580336051379	2825.091841971237	2833.810218284199	2824.4465190473798	2649.26039372055	2825.580336051379	2825.091841971237	2834.339125877191	2834.9048965413635	2833.810218284199	2827.985191040906	2831.314444144824	2825.580336051379	2825.091841971237	2513.8612715390577	2825.580336051379	2820.2887590123	2820.2887590123	2833.810218284199	2828.6149438564366	2825.2759865676576	2822.988259300687	2827.985191040906	2822.988259300687	2831.314444144824	2828.6149438564366	2825.580336051379	2825.580336051379	2580.1102829409456
r0081_pos	2827.985191040906	2825.091841971237	2830.495794017444	2825.091841971237	2646.283963246026	2820.2887590123	2833.810218284199	2446.2033253708955	2562.34119258638	2833.810218284199	2828.6149438564366	2829.951942936442	2833.810218284199	2828.6149438564366	2825.091841971237	2833.5372418705124	2827.985191040906	2829.285613649233	2515.268150193405	2825.580336051379	2825.091841971237	2833.810218284199	2824.4465190473798	2649.26039372055	2825.580336051379	2825.091841971237	2834.339125877191	2834.9048965413635	2833.810218284199	2827.985191040906	2831.314444144824	2825.580336051379	2825.091841971237	2513.8612715390577	2825.580336051379	2820.2887590123	2820.2887590123	2833.810218284199	2828.6149438564366	2825.2759865676576	2822.988259300687	2827.985191040906	2822.988259300687	2831.314444144824	2828.6149438564366	2825.580336051379	2825.580336051379	2580.1102829409456
r0122_pos	2078.625495524331	2190.177704827325	2136.478924243854	3381.978534463336	1967.1676509417484	1982.665093007604	2548.945229317625	2280.3775346868997	2209.692658760854	2182.173382942312	2052.772148426596	2271.675474450465	2300.668752672973	2152.687150102752	2473.256209835973	2247.101584735517	2725.242311056829	2070.598339304121	2198.0197861185206	2103.793900253816	1974.9962575052643	2155.5408604774325	2053.4885112476973	2148.200391352764	2000.716921464776	2125.1391521200385	2119.5081693644925	2095.349450789714	2138.128740241297	2967.5908705996694	2208.713332485168	2054.8001949752834	2185.654705607389	2096.7608775107715	2045.3680313213756	2060.586223198148	2025.4312192285752	2108.4458645081727	2158.3905522141185	2430.871419228264	2376.1175604278733	2027.871337170934	2135.8233297602064	2310.5354549578083	2196.446810385836	2119.669054779817	2012.7203420117792	2955.5732403337565
r0153_pos	2078.625495524331	2190.177704827325	2136.478924243854	3381.978534463336	1967.1676509417484	1982.6650930076037	2548.945229317625	2280.3775346868997	2209.692658760854	2182.173382942312	2052.772148426596	2271.675474450465	2300.668752672973	2152.687150102752	2473.256209835973	2247.101584735517	2725.242311056829	2070.598339304121	2198.0197861185206	2103.7939002538155	1974.9962575052643	2155.5408604774325	2053.4885112476973	2148.200391352764	2000.716921464776	2125.1391521200385	2119.5081693644925	2095.349450789714	2138.128740241297	2967.5908705996694	2208.713332485168	2054.8001949752834	2185.654705607389	2096.7608775107715	2045.3680313213756	2060.586223198148	2025.4312192285752	2108.4458645081727	2158.3905522141185	2430.871419228264	2376.1175604278733	2027.871337170934	2135.8233297602064	2310.5354549578083	2196.446810385836	2119.669054779817	2012.7203420117792	2955.5732403337565
r0165_pos	2078.625495524331	2190.177704827325	2136.478924243854	3381.978534463336	1967.1676509417484	1982.6650930076037	2548.945229317625	2280.3775346868997	2209.692658760854	2182.1733829423124	2052.772148426596	2271.675474450465	2300.668752672973	2152.687150102752	2473.256209835973	2247.101584735517	2725.242311056829	2070.598339304121	2198.0197861185206	2103.793900253816	1974.9962575052643	2155.5408604774325	2053.4885112476973	2148.200391352764	2000.716921464776	2125.1391521200385	2119.5081693644925	2095.349450789714	2138.128740241297	2967.5908705996694	2208.713332485168	2054.800194975283	2185.654705607389	2096.7608775107706	2045.3680313213756	2060.586223198148	2025.4312192285752	2108.4458645081727	2158.3905522141185	2430.871419228264	2376.1175604278733	2027.871337170934	2135.8233297602064	2310.5354549578083	2196.446810385836	2119.669054779817	2012.72034201178	2955.5732403337565
r0173_neg	4554.056104949759	4348.290221828711	4603.487400359511	4291.079910313501	4189.110348284123	4137.061541586683	4080.925399082724	4615.74819156981	4448.239112977509	4539.51131421694	4213.276528496221	4442.311755725794	4542.181923323946	4593.907578126686	4569.073827776231	4535.692132138374	5375.48516251479	4466.970981566803	4675.57116455045	4344.104325027171	4419.871405165064	4502.5354015697685	4489.595889750266	4226.080037377059	4529.595619392621	4071.0721553858334	4644.941160676652	5367.415687689454	4467.270082181038	4471.937819320777	4590.317859653185	4483.464046713758	4282.08453673632	4235.900205816255	4437.306875149297	4502.611999095984	4049.506076942897	4445.494782791967	4503.650603184087	4337.986486549354	4571.142364832891	4190.607148878635	4592.810883686123	4615.665485633128	4195.041738177974	4249.967370170493	4467.121000757974	4223.232442900655
r0173_pos	5460.871492050024	4997.808494953477	5507.040375245248	4944.637641555672	4894.395999289463	4705.456404363044	4567.702783962541	5515.681162090701	5346.198754280016	5436.005193818191	4843.512288101429	5051.701387958611	5438.675802925196	5492.756210368967	5472.626802661967	5440.002547482411	6282.300549615056	5367.76819075671	5574.158375280351	4972.794798562785	5323.4243800508	5396.247173815379	5388.183100480167	4867.204776511972	5429.914300382029	4588.544733290802	5547.058564575051	6269.746945022509	5363.763961782288	5378.753206421043	5491.166547430032	5383.782727703165	4957.412723036593	4857.03314334927	5348.714893828434	5404.000443611195	4626.935017714301	5158.325285017698	5401.712919638309	4856.830974212084	5471.991052609737	4910.799935219924	5493.659571462969	5516.514173409974	4850.627835970625	4929.834017187815	5368.424321394445	4871.882758316648
r0202_neg	6410.871492050024	5938.002959844474	6447.234840136245	5884.83210644667	5834.590464180461	5655.456404363044	5507.897248853538	6465.681162090701	5744.172916901764	6376.199658709189	5793.512288101429	5991.895852849608	6378.8702678161935	6442.756210368967	6412.821267552965	6390.002547482411	6650.0	6317.768190756711	6524.158375280351	5922.794798562784	6263.618844941798	6336.441638706377	6328.377565371165	5817.204776511972	6379.914300382028	5528.7391981818	6497.058564575051	6650.0	6303.958426673285	6328.753206421043	6441.166547430032	6333.782727703165	5897.607187927591	5807.033143349269	6298.714893828434	6354.000443611195	5576.935017714301	6098.519749908695	6351.712919638308	5806.830974212084	6421.991052609737	5860.799935219924	6443.659571462968	6466.514173409974	5800.627835970624	5879.834017187814	6318.424321394444	5821.882758316647
r0202_pos	6410.871492050024	5938.002959844474	6447.234840136245	5884.83210644667	5834.590464180461	5655.456404363044	5507.897248853538	6465.681162090701	5744.172916901764	6376.199658709189	5793.512288101429	5991.895852849608	6378.8702678161935	6442.756210368967	6412.821267552965	6390.00254748241	6650.0	6317.768190756711	6524.158375280351	5922.794798562784	6263.618844941798	6336.441638706377	6328.377565371165	5817.204776511972	6379.914300382028	5528.7391981818	6497.058564575051	6650.0	6303.958426673285	6328.753206421043	6441.166547430032	6333.782727703165	5897.607187927591	5807.033143349269	6298.714893828434	6354.000443611195	5576.935017714301	6098.519749908695	6351.712919638308	5806.830974212084	6421.991052609737	5860.799935219924	6443.659571462969	6466.514173409974	5800.627835970624	5879.834017187815	6318.424321394445	5821.882758316648
r0280_pos	2078.625495524331	2190.177704827325	2136.478924243854	2713.56562299741	1967.1676509417484	1982.6650930076037	2548.945229317625	2280.3775346868997	2209.692658760854	2182.173382942312	2052.772148426596	2271.675474450465	2300.668752672973	2152.687150102752	2367.7451691145925	2247.101584735517	2710.2039199241226	2070.598339304121	2198.0197861185206	2103.793900253815	1974.9962575052643	2155.5408604774325	2053.4885112476973	2148.200391352764	2000.716921464776	2125.1391521200385	2119.5081693644925	2095.349450789714	2138.128740241297	2294.741921065069	2208.713332485168	2054.8001949752834	2185.654705607389	2096.7608775107715	2045.3680313213756	2060.586223198148	2025.4312192285752	2108.4458645081727	2158.3905522141185	2351.0889586637445	2336.356038261146	2027.871337170934	2135.8233297602064	2310.5354549578083	2196.446810385836	2119.669054779817	2012.7203420117792	2286.348364035397
r0354_pos	8296.536389202833	8186.288506569292	8480.73345073627	8978.725627441243	7859.105579871086	8261.591679291221	7950.61559889209	8986.746466271834	7715.317691154585	8284.499829010445	8051.022056667237	8374.455451874639	8935.898320195876	8126.96505469916	8096.239552816406	8525.56842987222	9436.928133551348	8165.041576973817	8722.334591506247	8232.148724104627	7999.128563518395	8054.212823454167	7950.611103349544	8175.584898365921	7908.187975774617	8066.083557783734	7991.503146196122	9450.9223472736	8501.144169736972	9122.618194462782	8772.278826885857	8060.671385565335	7973.231546311316	7619.781822171907	7999.956037046613	8609.139197758815	8303.128422761481	8056.115778980544	8396.927397224154	9134.855498628116	8890.153567348503	8197.07809274118	8389.248519882292	8253.276761890642	8497.860276051093	8258.485242901083	8063.161681825984	8393.844051005673
r0355_pos	8296.155097490939	8186.149699215766	8480.333600052665	8604.791141233049	7859.105579871084	8261.40706394405	7781.297699982036	8986.313758922204	7715.3176911545825	8284.499829010445	8050.656874280054	8374.00138173749	8935.426226890157	8126.96505469916	8065.477948939805	8525.111970201075	9211.472562796287	8165.041576973816	8722.017993733609	8231.738327465933	7998.77866314135	8053.785232113085	7950.611103349544	8175.16017383344	7908.187975774617	8066.083557783734	7991.099731385238	9450.627915003011	8500.75763434045	8951.8405972412	8771.806880038534	8060.671385565337	7973.231546311316	7619.781822171907	7999.586383972701	8608.7650585046	8302.765947723778	8056.115778980544	8396.87268688902	9123.849182607237	8889.632640231574	8197.07809274118	8389.248519882292	8252.780837104394	8497.860276051093	8258.063960862368	8062.807338431831	8229.870182882623
r0413_pos	2078.625495524331	2190.177704827325	2136.478924243854	3381.978534463336	1967.1676509417484	1982.6650930076037	2548.945229317625	2280.3775346868997	2209.692658760854	2182.173382942312	2052.772148426596	2271.675474450465	2300.668752672973	2152.687150102752	2473.256209835973	2247.101584735517	2725.242311056829	2070.598339304121	2198.0197861185206	2103.793900253816	1974.9962575052643	2155.5408604774325	2053.4885112476973	2148.200391352764	2000.716921464776	2125.1391521200385	2119.5081693644925	2095.349450789714	2138.128740241297	2967.5908705996694	2208.713332485168	2054.800194975283	2185.654705607389	2096.7608775107715	2045.3680313213756	2060.586223198148	2025.4312192285752	2108.4458645081727	2158.3905522141185	2430.871419228264	2376.1175604278733	2027.871337170934	2135.8233297602064	2310.5354549578083	2196.446810385836	2119.669054779817	2012.7203420117792	2955.5732403337565
r0509_pos	3254.8189338169227	2703.615186624741	2434.8049610152257	2562.245960949645	2568.3301029817385	2909.612561277835	2387.299606201682	2849.1787714998227	3059.853544704956	3336.1021209479154	2859.3534947163253	2443.3615237054014	2118.5115071247565	2073.8834312089903	2812.458101598282	2860.0353673405125	2793.5568821641423	2264.228600645196	2931.343750920048	2941.7880036398524	2758.684201169701	2451.5844363598308	2978.4403891428115	2807.129351384959	2800.485490874668	2851.592572653665	3081.6425564622123	3499.5675127903382	2363.865607119559	3128.4359976462924	2980.433726954373	2866.656484537114	2366.1290542998777	2654.2778656559613	3050.876748555612	2456.1874943257053	3104.0071994729333	2513.1269210471733	2346.22161979535	2575.3779908511733	2990.1630631993125	2144.543976482453	2301.454404883605	2391.6815532425944	2423.971255523744	2544.049139924575	2931.7171006377944	2497.001491199627
