	GTGCATAGTAAAGTCA-1	TACTCATCAGATCCAT-1	GGACAGATCACATAGC-1	GACACGCTCCTCGCAT-1	TTGACTTAGGTGCACA-1	TCTATTGCATGGATGG-1	ACGCCAGTCAGGATCT-1	ACGAGGACAAGCGATG-1	GTGCAGCTCCGATATG-1	CTGCGGAGTCCAGTAT-1	CTCAGAAGTAAAGGAG-1	TACCTTAGTCTCATCC-1	TGCCCTATCACATACG-1	GTGCGGTGTCTGGTCG-1	GCTGCGATCTAACGGT-1	CTAGAGTAGACCTTTG-1	CACTCCATCACTTATC-1	TTTGTCATCTTAGAGC-1	TTTGTCATCCGTTGTC-1	GTATTCTCATTTGCTT-1	CATCAGATCCACGCAG-1	TATCAGGTCTGATTCT-1	CGATGGCCACTGTGTA-1	AAACGGGTCATAACCG-1	TTCGAAGAGGCAGGTT-1	TGTGTTTAGGTGACCA-1	TTAACTCGTCGGCACT-1	CGCGTTTTCATGCAAC-1	CCAATCCAGAGTCGGT-1	CTCTGGTGTTGTCGCG-1	CCAATCCGTTCGTTGA-1	CATATTCCAAACTGTC-1	GCTCCTATCCCAGGTG-1	CATTATCCAGCTGCAC-1	TAAGTGCCACCAGCAC-1	CGGAGTCAGCCACCTG-1	TAAGCGTGTCTGCAAT-1	AAGACCTCACTTGGAT-1	TCAACGATCAAACCGT-1	TCAGATGGTGAGTATA-1	ACGATACTCGCACTCT-1	GTGTTAGTCTCAAACG-1	AGCATACGTCATGCCG-1	GCTGCAGTCATCTGTT-1	CAGCTAAGTGGCCCTA-1	TGAGGGAGTCCATGAT-1	TTCTACACACATAACC-1	AAGTCTGTCTGCAAGT-1
MAR00710_neg	6475.830254772867	5708.801887121333	6448.64582683217	6170.013778156625	6490.571288990038	6475.2995638481225	6526.691029307728	6536.631915287279	6536.63191528728	6203.883234411818	5494.583127669	6193.887045713769	5946.719919374344	5574.545150464541	6517.360520552859	6536.63191528728	6536.63191528728	6518.148351374114	6540.369794542686	6513.624153117861	5819.220534806575	5748.271125502252	5509.831583415799	6291.399086069741	6514.051505585096	5868.895964748634	6455.290885913842	6261.788354523467	6514.051505585096	6224.502796024595	6107.229313690821	6206.697089057159	6498.8150672327565	5439.371210578337	6509.636605421795	6183.429205063698	6034.156440879295	5513.728739960307	5338.8281788952045	6039.25671907594	5329.133486890008	6298.754076652907	5386.059166112789	5363.829089803103	6181.20217060148	5633.301014431436	6176.882531452335	6445.431986686172
MAR00710_pos	5571.6888982321725	4814.371492520853	5550.907835608216	4878.54288102932	5539.686585347905	5556.612288540136	5577.912578557985	5572.230716974169	5572.230716974169	4624.78828919857	4902.791484711026	5242.009501178896	5567.709449383619	5035.695434133768	5577.354594241879	5572.230716974169	5572.230716974169	5565.834502473552	5577.4921553942	5564.410296619128	5017.680364699416	4992.885997441797	5086.361908920921	5073.0065127928265	5570.131083177837	5544.48015531622	5365.447739343317	5026.793167239839	5570.131083177837	5026.101312305551	4874.351675150109	5075.847009622263	5579.330105589612	4908.307718887495	5325.265751395987	4863.6109764362245	4834.824860795157	5000.448469157476	5061.965743868934	5535.035000724709	5106.85591572175	5545.198470623738	4902.111064342282	4871.633698214955	4920.948348570792	4918.817066979228	4648.313407031194	5544.48015531622
MAR01169_pos	33032.95389081944	31593.249537881853	31773.504509181126	32033.239417689725	32693.49848843981	33461.67207880692	32627.054001660625	32294.42771488884	32810.53408558605	31642.30895476095	32522.899753828005	32326.979638357923	31705.155603839165	31937.67942296348	33121.823838341224	32881.0128359832	32561.70658605204	33116.43705581687	32875.22416323885	33407.035254448936	31775.53207787174	32604.446708548225	32679.973392956825	32084.81924373873	32709.621797222066	31944.85652113763	33012.46208861732	32564.96959506786	32313.876529101373	32435.529934019803	31801.122613448348	32430.97552148119	32615.066244808957	32198.811377471	33431.5935584503	31716.26935130958	32198.43580257091	31328.975991006428	32200.6447164457	32403.29688338416	31715.361967152803	31520.441072587917	32512.943875003108	31987.19427535033	32097.568996322738	32311.65406151861	32097.035464273995	32958.69350083812
MAR01453_pos	17199.416059666037	16717.355515333416	16920.146266202457	17291.25885051246	17182.44068484131	17429.256028779713	17537.266412849665	17244.918942197964	17085.11734556648	17048.604133749952	17567.876535944783	17228.970433903847	17024.958166291482	16992.057233892818	17237.033879189028	17770.95792130279	17228.34722046599	17503.19308925192	17559.200890761564	17430.49512016976	16763.895981112102	17103.93157544198	17137.745695795165	16847.534815966443	16918.897114978005	17037.54905018356	17249.130305690844	17378.424025407694	17287.46408856649	17429.450507010748	16803.997273239736	16988.942669606917	17255.8546085424	17129.739503334655	17250.359802969804	16755.206226261376	17184.21355000204	16799.34715549335	16733.776443958235	17447.775374069897	16663.36427700277	16696.085706209284	17466.473661129003	16735.536862704772	17103.074901132204	17014.52580555927	17078.959958221065	17474.909536582643
MAR03787_pos	15341.378137864143	15062.904712022588	15079.144564189386	15367.583337696176	15750.263570101764	15993.194798157134	15728.29741007302	15608.76228142222	15337.628078480746	14932.221751807932	15770.863993903757	15114.418109928012	15365.839052562638	15116.791666284687	15547.836449874383	15484.619533787309	15445.185032043304	15636.479986908997	15603.280208079928	15718.285682678756	15161.144838729764	15698.701343128076	15186.83909137368	15197.687406863486	15621.115210194574	15454.377187259624	15633.89881719076	15417.19047251941	15484.712176936247	15467.943270127256	15082.35163466078	15300.81915812551	15202.769562226482	15272.812781437186	15477.364459062866	15449.395439376587	15302.856735905518	15183.371176468012	15238.127967319246	15352.99067278736	15055.65829375168	14852.636754161487	15399.371383616062	15061.931867388368	14816.460421415895	15399.927040380056	15173.735481719894	15878.965939907974
MAR03905_pos	7.463814743766109	7.289953935072203	7.537344545658467	7.469114074559388	7.188673060488869	7.55802573068669	7.519632741883059	7.475136136454066	7.158035698536165	7.43695397180326	7.495412897191688	7.434654616975943	7.168816294685919	7.289194078685602	7.28498978968901	7.444575701128872	7.470685081339799	7.560574858590757	7.22517782103728	7.558886412214041	7.223020026768298	7.3098879679039	7.28792193162878	7.427866988983132	7.462095785753029	7.000686322046282	7.553639200058924	7.470864415277704	7.181081403796705	7.515648057106694	7.476660810121212	7.065628783742655	7.527840442933679	7.390196138332404	7.31139134906155	7.481820320556169	7.506795197330756	7.40694887974237	7.024369371358243	7.466370387287676	7.414312140223878	7.485275456691122	7.390831296673003	7.435215193806506	7.23529565989513	7.45251262617378	7.514109421001625	7.559185088929478
MAR03907_pos	7.33229817013903	7.054849693710018	7.4828018328850225	6.7815803287648535	6.940483964516429	7.484918676940754	7.267674503802908	7.460796935660424	6.81817114703931	6.661165488499404	6.808398058438319	7.162591890501641	6.880257319245708	6.982112268511184	7.165648116453939	7.299765025116971	7.317081911680352	7.459362260308963	6.774922850482556	6.759736858346527	7.240532130951844	7.404774683673504	7.405135327599375	6.948453716584863	6.810932375549052	6.792028413694244	6.900320837933416	6.899746654635029	7.318491709666653	7.461832507923518	7.481990876049493	6.754550965882987	7.332151711300779	7.2979804385804865	7.461812254334853	7.459674596911787	7.379982923020745	6.8538287311218085	7.473988041818867	7.236166588155551	7.045598882467791	6.90311398770874	7.482996025501485	7.356512090479142	7.351020759889513	7.217622018995605	6.794655342840691	7.482801832885047
MAR03957_pos	2445.5217560666792	2464.1026306043227	2707.393482226067	2947.1564445860963	2546.490000011925	2476.697168840567	3129.527465753503	2861.0788218841444	3307.339351806868	2653.214440088738	2324.3567621738903	2474.8529953054167	2931.731632140519	2588.612337951904	2500.488015311752	2822.4508266257053	2728.843386400325	2902.609934283432	3487.180837546015	3109.0709180887466	2774.3659270451158	2174.941815237423	2478.565102622026	2351.5093427467477	2682.4430376387872	2662.801163226892	2470.982032008278	2813.32953094372	3119.906662537623	2684.0393440429034	2469.1012357642603	2383.828867408328	2700.0972301183133	2515.592499090995	2583.2142999252665	2760.3219126167987	2571.980281489069	2553.9667933968803	2383.5685534060517	2898.520705817672	2405.228009471317	2405.559347449621	2671.014531358424	2630.980663494124	2588.260970128978	2658.448059250697	2396.399689500846	3465.7320051271763
MAR03958_neg	2445.5217560666792	2464.1026306043227	2707.393482226067	2947.1564445860963	2546.490000011925	2476.697168840565	3129.5274657535047	2861.0788218841444	3313.2257033248457	2653.214440088738	2324.3567621738903	2474.852995305417	2931.731632140516	2588.612337951904	2500.488015311752	2822.4508266257053	2728.843386400325	2902.609934283429	3491.188562944843	3109.0709180887484	2774.365927045115	2174.941815237423	2478.565102622023	2351.5093427467477	2682.4430376387872	2662.801163226892	2470.982032008278	2813.3295309437203	3119.906662537602	2684.0393440429034	2469.1012357642603	2383.828867408328	2700.097230118315	2515.5924990909944	2583.214299925268	2760.3219126167987	2571.980281489069	2553.966793396881	2383.568553406057	2898.520705817672	2405.228009471317	2405.559347449621	2671.014531358424	2630.9806634941247	2588.260970128978	2658.448059250697	2396.399689500846	3469.888313400278
MAR03958_pos	6475.830254772864	5708.801887121333	6448.645826832169	6170.013778156626	6490.571288990034	6475.2995638481225	6526.691029307729	6536.63191528728	6536.63191528728	6203.883234411818	5494.583127669	6193.887045713769	5946.719919374344	5574.545150464541	6517.360520552859	6536.631915287278	6536.63191528728	6518.148351374113	6540.369794542685	6513.624153117861	5819.220534806576	5748.271125502252	5509.831583415799	6291.399086069741	6514.051505585095	5868.895964748634	6455.290885913844	6261.788354523467	6514.051505585096	6224.502796024595	6107.22931369082	6288.440061611327	6498.8150672327565	5439.371210578337	6509.636605421795	6183.429205063698	6034.156440879293	5513.728739960307	5338.8281788952045	6039.256719075947	5329.133486890008	6298.754076652908	5386.059166112789	5363.829089803103	6181.20217060148	5633.301014431436	6176.882531452332	6445.431986686172
MAR04097_pos	30277.285468426	29102.593236057022	28827.874544572813	30225.695164297777	30408.68386909523	30918.86085393253	29703.6134977595	29814.741586351487	30425.67329316607	29169.14991965441	30421.645477002552	29968.46579735586	29821.06872866093	28852.34875185258	30296.07482061189	30296.91522553405	30195.460474153413	30850.083060865058	30088.259438977617	30194.341958018096	29041.716579658176	30000.79549073032	30055.93922558236	29375.234986033454	29567.241914024835	29975.827028686377	29452.642290960124	30225.39573282229	30297.6955136098	30473.093330625557	28738.21593885227	29409.731092484075	29734.570928744648	29516.471859745936	30214.32658569875	28929.887834385758	29643.62852085617	28853.768993088	29043.647392861425	29059.559130465903	28722.141720505584	28446.52548408541	29851.90282620197	28679.91668368137	29038.717744936614	30054.85859401523	30079.9115851521	30699.83348572408
MAR04099_pos	31330.15639469639	30270.2343778678	30095.062757177377	31905.39066254171	31656.154889662525	32034.411767811787	31154.642017776565	31916.180840149824	31516.829085610883	30984.1141928534	31574.28841410513	30983.452615941285	31238.82606765015	30341.15294050424	31533.63530625668	32502.160045060384	31490.341525422507	32085.290791754247	30976.25058232274	32001.927005066125	30413.044381973992	30966.197733633973	31343.89852777001	30450.541261981973	31298.55534648248	30754.393046900383	30995.131460239358	31828.90890829565	31601.10168176762	32018.695733562115	29924.7009676045	30767.815392068263	30859.810644581277	30527.72403518664	31698.11606422086	30399.04787161174	30780.99671156081	30188.5573083593	30375.42757722739	30936.19852918806	30124.76754659178	30122.656277673694	31313.29451513272	30440.48349623243	30360.58580579577	31352.10559956149	31162.28692760459	31965.17468708404
MAR04108_pos	31193.038757216786	29866.227425781693	29513.437833943637	31144.91527343604	31328.264111517223	31834.61414272317	30295.147930245585	30740.16721879833	31351.098925612943	30091.71469446593	31336.719512588345	30888.046039777768	30743.05871853099	29513.46870278299	31214.445171136824	30884.47662447709	31120.886106600257	31772.647835676547	31010.24942884768	31115.57406058111	29770.67896828845	30919.55627362782	30968.096509672505	30297.799760845024	30163.39246428837	30890.362427577693	30119.498510041787	31147.960507633816	31218.927616172645	31395.179090512363	29650.37322294239	30335.15672493095	30649.64496433053	30434.690227518346	31133.546694837118	29851.8778242559	30559.70361076766	29574.62381049999	29719.56117606027	29761.180431829143	29639.32207691986	29160.224133711363	30455.602965233204	29336.833099257907	29958.2979873584	30970.611882806	31003.87630566394	31617.01384213824
MAR04133_pos	31193.038757216786	29866.227425781693	29513.437833943637	31144.91527343604	31328.264111517223	31834.61414272317	30295.147930245585	30740.16721879833	31351.098925612943	30091.71469446593	31336.719512588345	30888.046039777768	30743.05871853099	29513.46870278299	31214.445171136824	30884.47662447709	31120.886106600257	31772.647835676547	31010.24942884768	31115.57406058111	29770.67896828845	30919.55627362782	30968.096509672505	30297.799760845024	30163.39246428837	30890.362427577693	30119.498510041787	31147.960507633816	31218.927616172645	31395.179090512363	29650.37322294239	30335.15672493095	30649.64496433053	30434.690227518346	31133.546694837118	29851.8778242559	30559.70361076766	29574.62381049999	29719.56117606027	29761.180431829143	29639.32207691986	29160.224133711363	30455.602965233204	29336.833099257907	29958.2979873584	30970.611882806	31003.87630566394	31617.01384213824
MAR04139_neg	5876.474564661095	5491.701722393187	5731.934179775609	5973.764771884618	5704.851677673789	5839.227501592308	5586.2092815383685	6248.1312607922	6210.235506945297	5551.594694151791	5672.598488926415	6155.215805471614	6003.667645717298	5658.38466180722	6128.931297379881	5819.613010794283	6302.829501433782	6412.294448275357	6234.396940294263	5957.730799108085	5541.10892348823	5977.981111313571	5488.578285982065	5449.291234519582	5808.528183336553	5898.699633238324	5796.36487588114	5337.460438050289	5597.8013893149855	5687.963653106365	5668.020749513583	5383.380958877855	5611.185255611973	5602.7200924183735	5744.2204677684285	5240.594678653635	5767.677698401377	5427.011907042624	5506.221606933543	5742.712252379642	5568.260653028407	6020.406196532893	6010.63937245162	5623.447921653433	5558.785063519184	5999.496800447294	5712.167112656352	6280.218843303386
MAR04139_pos	5950.192619524289	5491.701722393186	5731.934179775612	5973.764771884618	5704.851677673789	5839.227501592308	5586.2092815383685	6248.1312607922	6210.235506945287	5551.594694151791	5957.3255532784815	6241.219714175433	6003.667645717298	5658.38466180722	6321.534132260705	5819.613010794283	6302.829501433782	6512.708683783606	6234.396940294262	5957.730799108085	5541.10892348823	5977.981111313571	5488.578285982065	5449.291234519582	5808.528183336553	5898.699633238319	5796.36487588114	5337.460438050289	5597.8013893149855	5687.963653106364	5668.020749513583	5876.695624817912	5611.185255611973	5602.7200924183735	5847.784171639559	5240.594678653635	6039.89100849703	5427.011907042624	5520.902590419088	5742.712252379642	5568.260653028407	6052.711517414242	6282.960931127277	5623.447921653433	5558.785063519184	6210.21951974211	5740.576437911931	6280.218843303388
MAR04141_neg	9474.948623925267	9289.562577766535	9456.125687882502	9643.679225979702	9895.3293728403	10177.93076741138	9680.102628555753	9747.071288935698	9983.12695723916	9671.2617293668	9749.31684084297	10213.7793954973	9855.815013152873	9594.739957762717	10368.161987152373	10345.58504346383	10400.785795935142	10119.415387562967	10411.4448641198	9774.47015587822	9523.434617711277	10006.593035608066	9776.674936129852	9692.084760937798	10008.320155306026	9405.876488679043	9549.641925456865	9344.315146820603	10251.284955941306	9449.563212321722	9666.393024737688	9454.921195871835	9910.931179462736	9319.740558571591	9525.33341144228	9157.569533633474	9413.587765675962	9423.276242099671	9601.079449569215	9632.99365502164	9237.067543881523	10229.180414542912	9689.1122906153	9984.9559174416	9413.976190440602	10043.630935163064	9483.774907592668	9770.483301912824
MAR04141_pos	5854.702486509971	5732.502969987755	5962.923191581131	6007.508707799249	5837.748492697817	6170.910311225894	6179.615198660327	6296.049022753971	6251.316611267502	5835.773432588248	5669.493149445868	6129.027241702749	6138.97750605568	5843.8065824834775	6098.802102755243	6461.486610727839	6675.830070199267	6345.779214899339	7010.139697518082	6054.595241484448	5742.736881385535	6100.374893425907	6055.578089100366	5659.239971554323	6069.046260173652	5973.078830878379	5971.330817368466	5833.625291652829	6378.579360327253	5986.808459058724	5796.161650258789	5381.320290466237	5986.795126661958	5719.971449286982	5734.568567465171	5798.335343675168	5759.387537130792	5763.3123191106615	5503.1512131885975	6148.712966569415	5838.882463789787	5987.713636278231	5996.043753866522	6192.838791632052	5797.737478285502	5983.873973713362	5699.664623585866	6485.159765056753
MAR04145_neg	13862.30640783888	13028.992288278929	13148.396120044688	13480.834484164348	13848.128595840564	14133.758954786215	13821.823688076413	13720.59505985562	13686.846625589304	13232.984235200742	13839.084080103834	13496.518342146324	13418.375749928728	13070.48728889683	14236.08140137164	13920.218954949169	13496.38811376246	14092.872081589649	13757.10211538848	14087.528246980944	12999.154248912671	13465.032028223224	13396.652770806117	13641.286514126516	14014.600523136702	13205.55101069804	13498.97510921148	13556.01235803899	13783.2306502533	12919.43561429441	13349.01843197083	13450.615552685573	13142.410870030832	13406.143714819562	13611.468800813223	13170.56700847772	13225.888289272832	13057.554790454924	12877.709367325544	13154.315335916415	12958.267607955308	13028.548318058958	13922.090071019482	13520.921614628747	13217.75516485235	13679.421470902696	13400.99518541212	13670.16353683003
MAR04145_pos	22901.90814661826	22578.77343782032	22555.27203251765	23259.97868431478	23374.140865740494	23379.446605812547	23921.11361425233	23329.557474735047	23263.722866416854	22852.454147108125	23411.893137975738	22809.58462952215	22845.659022863943	22597.979430476444	23438.257694220705	23676.06871920686	23163.75408682792	23580.473432753257	23982.70373655111	23538.707676676386	22521.301478830854	22976.204281226703	22977.73465148645	22670.631253702475	23256.587707687493	22873.252318187504	23239.049707007474	23272.713073406456	23294.468095753764	23108.816202425456	22505.362548200144	22849.33396591762	23185.401161271555	22874.55883512333	23254.87706551511	22884.50090584632	22770.5502181318	22829.609645278797	22371.977715125555	23174.31266510902	22362.40840843378	22499.873640763024	22937.560463929425	22887.602484056613	22619.61515785404	22873.24480891725	22945.72832540761	23489.07272419078
MAR04147_neg	1591.6944750970035	1864.751001268731	1784.5132809244474	2185.419781596848	2190.8952043064714	2316.669001440854	2597.855376953064	2589.8310012195707	1465.5318200154195	1954.5886488532235	2254.5911170926447	1437.0533416765738	2291.497872570837	1820.394661811404	1423.5066077414765	1516.0542608969413	2152.130694307051	1976.3395441048535	1759.5031353474865	1881.209178794923	2079.046644396772	2190.9413702829697	1708.3900087152206	1917.544782383325	1721.0002011744486	2179.488330604542	1995.715131721379	2024.4121072102655	2236.2782082579947	2069.209986901284	1573.0047003294214	1842.8425818808323	1647.5448695708524	1659.4177273341363	2117.958265937544	2204.252725090077	1608.4365421039006	2198.7519597718474	2174.798470570868	1560.6958741447916	1964.8192530935912	1673.78385632349	1554.949116430174	2163.7465324145896	1445.6901201105195	1842.937805879096	1777.629511667763	2589.5110409976214
MAR04147_pos	1591.6944750970035	1864.751001268731	1784.5132809244474	2185.419781596848	2190.8952043064714	2316.669001440854	2597.855376953064	2589.8310012195707	1465.5318200154195	1954.5886488532235	2254.5911170926447	1437.0533416765738	2291.497872570837	1820.394661811404	1423.5066077414765	1516.0542608969413	2152.130694307051	1976.3395441048535	1759.5031353474865	1881.209178794923	2079.046644396772	2190.9413702829697	1708.3900087152206	1917.544782383325	1721.0002011744486	2179.488330604542	1995.715131721379	2024.4121072102655	2236.2782082579947	2069.209986901284	1573.0047003294214	1842.8425818808323	1647.5448695708524	1659.4177273341363	2117.958265937544	2204.252725090077	1608.4365421039006	2198.7519597718474	2174.798470570868	1560.6958741447916	1964.8192530935912	1673.78385632349	1554.949116430174	2163.7465324145896	1445.6901201105195	1842.937805879096	1777.629511667763	2589.5110409976214
MAR04149_pos	18116.307002414047	17077.036424667116	17235.317286736794	17767.230565787846	18166.85115976261	18618.269905346133	18192.282100361223	17929.885498836826	18070.148817655954	17393.3914759211	18327.83337216413	17655.648604800197	17677.96168665947	16995.586237851952	18582.86376455964	18035.480199222136	18012.550375059596	18533.530319579106	18239.801523643266	18480.36376889088	16969.53712673775	17796.225798819316	17586.70156755304	17777.06433558637	18319.02269430517	17343.36233018556	17678.619409032446	17877.5064751322	18027.671785170725	16921.864573863415	17493.150423175946	17578.755667658257	17237.82774254757	17860.587625824282	17982.249871656233	17371.995604084303	17447.043089998268	17134.515975781076	16646.378033527533	17370.15064406701	16914.286775554454	16928.231123051897	18486.160747764392	17546.902159248675	17258.010595906126	17977.552917668978	17551.8677961202	18178.370030171347
MAR04152_neg	1591.6944750970035	1864.751001268731	1784.5132809244474	2185.419781596848	2190.8952043064714	2316.669001440854	2597.855376953064	2589.8310012195707	1465.5318200154195	1954.5886488532235	2254.5911170926447	1437.0533416765738	2291.497872570837	1820.394661811404	1423.5066077414765	1516.0542608969413	2152.130694307051	1976.3395441048535	1759.5031353474865	1881.209178794923	2079.046644396772	2190.9413702829697	1708.390008715221	1917.544782383325	1721.0002011744486	2179.488330604542	1995.715131721379	2024.4121072102655	2236.2782082579947	2069.209986901284	1573.0047003294214	1842.8425818808323	1647.5448695708524	1659.4177273341363	2117.958265937544	2204.252725090077	1608.4365421039006	2198.7519597718474	2174.798470570868	1560.6958741447916	1964.8192530935912	1673.78385632349	1554.949116430174	2163.7465324145896	1445.6901201105195	1842.937805879096	1777.629511667763	2589.5110409976214
MAR04152_pos	1591.6944750970035	1864.751001268731	1784.5132809244474	2185.419781596848	2190.8952043064714	2316.669001440854	2597.855376953064	2589.8310012195707	1465.5318200154195	1954.5886488532235	2254.5911170926447	1437.0533416765738	2291.497872570837	1820.394661811404	1423.5066077414765	1516.0542608969413	2152.130694307051	1976.3395441048535	1759.5031353474865	1881.209178794923	2079.046644396772	2190.9413702829697	1708.3900087152206	1917.544782383325	1721.0002011744486	2179.488330604542	1995.715131721379	2024.4121072102655	2236.2782082579947	2069.209986901284	1573.0047003294214	1842.8425818808323	1647.5448695708524	1659.4177273341363	2117.958265937544	2204.252725090077	1608.4365421039006	2198.7519597718474	2174.798470570868	1560.6958741447916	1964.8192530935912	1673.78385632349	1554.949116430174	2163.7465324145896	1445.6901201105195	1842.937805879096	1777.629511667763	2589.5110409976214
MAR04209_pos	21289.675143284898	20586.941264423564	20913.30489699278	21381.490292229377	21522.28950147593	21417.866632689016	21650.464166522128	21349.856084454907	21580.61676560581	20916.755173806552	21564.39170434992	21290.83507083681	21060.39640750028	20657.57459689942	21285.052020369247	21420.79450193102	21189.10813652468	21543.1622111426	21560.08497669243	21672.334423012853	20786.619317209657	21021.945703150275	21162.28277235389	20684.37585964964	21405.656226820956	21033.69903713649	21252.8339717644	21345.69765326448	21745.24954269301	21252.86779322393	20904.88709276243	21106.04766931277	21010.010330422327	20779.591060952167	21567.51250010376	21260.32629918793	21056.52451263228	20868.621913999912	20707.779906963973	21120.170289603757	20553.42276508277	20608.33973732746	21209.694053835938	20815.89156953214	21007.34773831249	20938.95680005809	21038.73528815052	21467.27637572615
MAR04281_neg	5950.192619524289	5491.701722393186	5731.934179775612	5973.764771884619	5704.851677673789	5839.227501592308	5586.2092815383685	6248.1312607922	6210.23550694529	5551.594694151791	5957.3255532784815	6241.219714175433	6003.667645717298	5658.38466180722	6321.534132260705	5819.613010794283	6302.829501433782	6512.708683783606	6234.396940294262	5957.730799108085	5541.10892348823	5977.981111313571	5488.578285982065	5449.291234519582	5808.528183336553	5898.699633238319	5796.36487588114	5337.460438050289	5597.8013893149855	5687.963653106364	5668.020749513583	5876.695624817912	5611.185255611973	5602.7200924183735	5847.78417163956	5240.594678653634	6039.891008497031	5427.011907042624	5520.902590419088	5742.712252379642	5568.260653028407	6052.711517414242	6282.960931127277	5623.447921653433	5558.785063519184	6210.219519742058	5740.576437911931	6280.218843303388
MAR04281_pos	4510.524207666641	4110.794758519807	4165.169514958434	4454.089325813729	4170.404417395788	4317.106456593699	4116.700424144588	4453.5571980459845	4415.661444199074	4073.847404568069	4495.871769500829	4445.743588484364	4209.061131420076	4118.72629098254	4524.869091806972	4025.038948048067	4508.255438687565	4719.720421477875	4436.676729537821	4517.949441639239	4133.222620976071	4186.815835984334	4084.434982927879	4133.1263765186	4393.879057489645	4104.336486983628	4256.118548206903	4098.249383230379	4108.802996784776	4411.51193615871	4078.575978327315	4471.998847846493	4125.461724124757	4125.288713822062	4395.601561525971	4093.1426143647695	4460.540886699344	4028.3386298814	4076.773142922301	4170.662804578546	4061.708091748917	4256.673315376371	4485.374894632338	4068.910733303516	4239.015051328354	4411.536005488029	4217.892483329915	4487.790192782837
MAR04283_pos	21940.90867417489	21612.898002021324	21194.557064194047	22583.3113128454	21844.879382335414	22070.213560218657	22432.556547609645	22694.991172274076	22640.377883080902	22091.27310135496	22757.616536011512	22306.80209298394	22145.31728061627	21174.383604899904	22230.982708981253	22854.7105588668	22239.696581963613	22274.77631344274	22633.06278473382	22805.053513245235	21737.70119236985	21797.277714562228	21928.09407662465	21350.74168493178	21830.467784232897	21586.110952651685	22087.906649931658	22008.809134716503	22215.81304189117	22377.40110726933	21351.1001996566	21843.94550287529	21843.96690060793	21680.751445161844	22250.99433401009	21729.740355375357	22055.66989652537	21197.849714501997	21565.13466621497	22345.932484290846	21033.15722239183	21579.740164605653	22469.468498041	21289.580584473053	22030.753527163663	21804.70399593076	22045.89185521378	22644.684946066864
MAR04301_pos	9889.815458395677	9224.664192170523	9362.305056505178	9546.659645567828	9498.796043591716	10106.309044943537	10193.34438428448	9507.640583454377	9698.07304175531	9215.997264500407	10034.786159362024	9668.116729414509	9354.445768014732	9311.688367827746	9993.861756729446	9618.25656998143	9519.025063325716	10198.61120685638	10093.03557173163	10374.802847647454	9217.41934218803	9688.855472907748	9576.87650635797	9214.542326866584	9454.21865922316	9119.354183229716	9458.462592759646	9767.751045690584	9623.73926703744	9915.286356778935	9095.880540044694	9572.252893327526	9480.359240579151	9647.061294944617	10313.224942751984	9406.00839940252	9397.984410122968	8959.187942906123	8896.447166493192	9442.539640655696	8977.926821450366	9248.13124421932	10041.607910596102	8938.731161991529	9086.910062645828	9376.27591365233	9393.738841578965	10319.282550364627
MAR04355_pos	27274.72273089214	26480.27971476944	26472.29142562347	26784.19823644402	27069.25706572942	28105.191800871213	27786.414039793548	26867.156359011824	27494.270714449856	26422.733948742072	27573.934053741166	26926.144905729325	26926.07064791708	26584.707578316156	27865.67541999732	27641.380282488837	26991.76696681536	27928.846141113507	27799.801411285207	27813.571849932512	26492.55265762073	27301.351414555917	27001.80223041283	26601.527180265097	26949.05962969952	26311.510332194037	27087.463345296877	27190.52615393064	27006.879260518697	27005.084615684853	26593.674073584472	26886.429686166102	27024.12700731961	27048.225979693387	27766.420814556222	26807.990250514875	26697.56030877553	26210.089368754205	26322.79727966264	27023.1376933517	26289.395368012298	26508.097086646238	27837.192450282244	26434.6170867923	26599.041017651783	26674.357264140497	26725.705581765647	28165.07471930132
MAR04358_pos	1273.1564844922325	1250.5068225582677	1291.9916408525853	1224.1245702050408	1203.8771907930195	1515.3212518020755	1651.078209216147	1628.9294176681528	1190.7625611908347	1571.2697032409303	1347.8796830917713	1281.6406788509748	1371.275752273331	1223.2269386501598	1407.341279526602	1170.713870110539	2032.7546795152352	1678.7169585811948	1445.9565111107809	2473.3100993525463	1239.5053803803726	1243.4822421992396	1398.079683581078	1279.374410645958	1178.8552461061936	1131.5787515806496	1302.3713890590195	1633.6139340149412	1224.5618435763497	1730.6275742833764	1244.5590603353105	1466.1582439727697	1405.2247326413292	1231.6221853798634	1988.8341359302533	1248.3696737016892	1176.3878547067843	1236.1933299678903	1217.0061349459254	1209.243665880143	1251.4418500267996	1303.6078870120857	1209.4646686829492	1124.5772227814068	1183.2664682297986	1221.065314720635	1304.0215398558832	1676.5236319021362
MAR04360_pos	26869.959238245512	26350.99452160318	26375.9106565076	26816.117055805476	27047.642666183358	27364.368865783723	27364.06120744486	27231.10195963978	27059.50447091711	26627.37090865337	27096.627418285323	26909.68081377426	26529.956882572147	26462.201183135672	27693.13769571591	28005.79775064005	26944.267768257792	27713.57677921067	27340.132306378804	27728.571773437605	26542.99454074346	26856.800604417807	26769.557735559614	26751.24199061384	26874.40877206053	26255.30305343932	27005.656646474294	26994.68530410544	27202.67962747492	27163.97982113025	26600.033393763373	27037.88538026142	26927.623344419462	26683.57497040026	27312.66665832472	26709.91582347973	26819.79702298768	26288.982363073323	26694.80364221912	26892.3965269519	26211.66631531697	26441.948216880643	27191.178008812614	26655.889255059024	26881.357968174703	26836.30135103348	26923.758983045547	27259.76466401064
MAR04363_neg	15204.997178651853	15287.259188200458	15214.844206451708	15509.588659820522	15427.760529216528	15547.998655224124	16112.863571347552	15753.702148023303	15647.549599111722	15738.036432447614	15856.60740252926	15205.97883442499	15291.239715466509	15040.528232332705	15764.529762586366	16075.64347628158	15834.138997615835	15878.21454617318	15934.175149068176	16097.991981711875	15162.558323965342	15483.875235201172	15534.858792039242	14983.597951084574	15330.515652382714	15169.502006988154	15620.09748783858	15843.429354075188	15272.76083057466	16116.003774075283	15294.426330947375	15268.32332613256	15475.888930990985	15336.76896295795	15806.82929513382	15387.464809156174	15431.4328953792	15136.581867404238	15036.241617062238	15575.841724006825	15018.790768363982	15037.405215538503	15402.843454772606	15019.9178010196	15446.331484705452	15297.556410073594	15526.412959996343	15814.35792910484
MAR04363_pos	15253.551487271629	14709.093338028862	14774.15161390316	15227.2885157541	15140.766114904138	15812.811434290434	15424.449000659357	15389.725413012771	15463.95441633024	14877.208654974223	15638.11419290049	15116.640272895456	14963.10308000163	14890.350865731643	15679.294566504244	15452.721520114455	15513.90953449835	15752.40863426897	15696.888836515203	15728.369226825844	14881.430620688196	15360.675942610773	15371.7092400175	14815.394145062564	15420.89785778471	14971.928600341864	15506.092120696509	15410.377139702803	15040.850989453664	15566.590985346267	14889.404350987224	15146.85795697662	15141.19927218148	15233.780197399788	16002.109218045996	15123.146982521735	15347.251209158732	14870.52206727937	14818.624906018602	15314.056303075262	14648.358143320618	14738.591945367396	15552.322884037285	14533.981653495375	15010.353476320444	15154.703380019751	15299.541965891578	15846.501144192353
MAR04365_neg	15384.426170406854	14873.0255130583	14907.19279527494	15358.299619134576	15276.34935786697	16029.379438095808	15641.409757867004	15521.14179928219	15606.147120288677	15001.302128581949	15857.515217807348	15167.511536469212	15030.60687730901	15014.505339287996	15736.76522406524	15670.474894251462	15646.80733089638	15880.48979979599	15912.15158204573	15848.93596990244	15034.298866561792	15578.941156596147	15589.856349195032	14894.500908170956	15636.475462327066	15104.928092595828	15726.124110339846	15547.427131770295	15169.354547807745	15782.476827783268	14977.827565247151	15284.416437396734	15258.281724773007	15396.037415607703	16219.875491854213	15336.511295805083	15482.575741999117	15020.819805972878	14943.852967120736	15459.44030479786	14754.351439548738	14828.185033301446	15678.78869132711	14673.390901175564	15124.282580502531	15375.75069284607	15513.420477852816	15971.739855694908
MAR04365_pos	11970.469899657575	12004.264414785746	12212.64322307127	12433.825212277325	12492.417682382831	12447.453698487814	12615.21788734993	12602.682783536788	12749.631992845292	12426.17414865041	12496.158799188872	12193.561258032532	12480.0386308874	11996.386376899523	12483.175939213324	12736.712743044882	12523.644454350264	12424.634143841642	12856.87732572259	12744.898109339072	12083.297038902288	12376.930198018976	12409.0925960183	11886.14761269608	12271.81032295272	11979.611949677805	12342.989695802926	12561.723360506736	12296.5117267616	12654.93660407069	12183.183288263188	12236.098377107252	12152.691665227425	12229.013704100273	12466.957136689807	12375.12425259148	12209.916237312607	12134.25596692366	12152.708132144458	12460.690706120502	11959.237031121467	12072.046881920694	12457.975817147866	12015.480548871175	12280.813725708387	12299.911017842427	12341.627431500398	12466.176143223262
MAR04368_neg	10199.366487268902	9903.216738320833	9923.065358674696	10271.588182991083	10594.912073999116	10395.917333126785	10463.150764695296	10388.184794666238	10467.036274021908	10087.76779085196	10269.043595238614	10339.961103365164	10376.31149790344	10058.349232945702	10450.938613931849	10296.218481063725	10101.591108168715	10195.217658092935	10365.32271364243	10704.714421869616	9998.869861196445	10159.974490134047	10226.601746737517	9939.531383842936	10061.721480749346	10049.60968654809	10301.188102706854	10422.80684544884	10134.302821165184	10351.732483816462	10127.906123383673	10283.09976320105	10157.51392537286	10132.995989944577	10201.333029556858	10111.71926199322	10101.941864412518	9868.19876036463	9997.745569520404	10264.099063709182	9869.431778624374	9955.707332046204	10558.102533262036	10160.875429919077	10199.599792613388	10033.367122215608	10286.388582374211	10227.1949918275
MAR04368_pos	19764.169200201595	18946.44970750233	18946.70341636583	19326.97548154152	19416.213282553297	20379.17945012175	19859.897746889284	19874.72561046052	19652.936815482462	19002.030574953493	20088.065136798232	19589.4306742212	19278.881999056888	19033.468858005752	20028.144108546145	19977.48489454582	20088.475902413276	20124.75161702636	20100.66151863905	19972.44425370351	19126.444609680875	19757.17972963957	19707.23246161649	19202.351443225554	19650.16823394625	19301.782627437133	19932.992232372224	19784.967814973355	19406.8184699529	19729.1498340498	19046.023199220333	19360.905820942506	19589.730601574785	19716.322377346794	20304.32403066375	19402.629982779283	19579.31032165515	18961.12888516533	18943.990802083328	19658.01173620413	18786.939134856904	18945.137744559623	19810.937785584807	18895.268482984848	19260.84130913898	19584.3483149542	19603.179256449668	20192.819222322225
MAR04370_pos	13800.501464019024	13254.020471234717	13266.026518080056	13875.19714348558	13839.560772169754	14131.683426972908	14169.056275217035	14000.195497781126	14106.975679908586	13244.056220681943	14149.404070919212	13844.507863271336	13573.37586200582	13340.560716802634	14201.28599358786	13752.792558544492	13835.999246148534	13894.924434429387	14225.85170855989	14417.525581793274	13268.006949237482	13744.279920167444	13648.402536542488	13157.918608070804	13568.057626561824	13204.883929697457	13952.817188107272	13874.03053594813	13377.514860049312	14075.29264413091	13443.188618445029	13823.057302361838	13357.423389315312	13529.933555595582	14031.69274996432	13414.341010833386	13587.177386450569	13098.312305785046	13090.46973055455	13595.970258895572	13104.957766905096	13341.526830947409	14127.604832695895	13350.296316257762	13555.165009715804	13456.656870970548	13892.913380605867	13950.340142843525
MAR04371_pos	14321.772784250286	14162.185226172478	13803.717140961771	14434.042272984112	14401.907868410004	15032.044391918778	15090.725265867744	14916.393608586695	15023.173790714143	14075.774273442948	15062.532265294512	14327.31106383992	14115.016143669704	13842.624152062004	14722.078163085098	15008.801885784933	15116.30600719891	14725.0671836125	15147.48647310181	14910.664300012988	14089.129124040364	14808.4134268276	14802.284382788475	13908.591405264451	14823.416322166757	14022.036300624362	14860.62372173899	14784.320467068128	14218.35444994262	14990.371804839611	13980.990622288782	14397.35378110533	14149.04414624547	14749.579303736184	15190.093554073124	14627.17170361799	14403.863439133156	13988.078854307876	13838.678756421625	14409.07109415991	13915.392300138736	13897.704637322173	14621.88474941452	13922.895234545862	14014.716014061216	14724.7757093471	14795.471174577724	14769.924970962807
MAR04372_pos	14321.772784250286	14162.185226172476	13803.717140961771	14434.0422729841	14401.90786841	15032.04439191875	15090.725265867744	14916.393608586712	15023.173790714143	14075.774273442948	15062.532265294514	14327.31106383992	14115.016143669742	13842.624152062	14722.0781630851	15008.801885784933	15116.30600719891	14725.067183612504	15147.486473101811	14910.66430001303	14089.129124040364	14808.4134268276	14802.284382788464	13908.59140526445	14823.416322166771	14022.03630062437	14860.623721739008	14784.320467068128	14218.354449942628	14990.371804839626	13980.990622288786	14397.353781105328	14149.04414624551	14749.579303736184	15190.093554073124	14627.171703618023	14403.863439133123	13988.078854307836	13838.678756421625	14409.071094159915	13915.392300138712	13897.704637322202	14621.884749414525	13922.895234545826	14014.716014061216	14724.7757093471	14795.471174577724	14769.924970962751
MAR04373_neg	19764.169200201573	18946.449707502343	18946.703416365803	19326.97548154155	19416.213282553297	20379.179450121734	19859.897746889288	19874.72561046051	19652.93681548243	19002.03057495351	20088.065136798217	19589.430674221203	19278.881999056903	19033.468858005806	20028.144108546145	19977.48489454582	20088.47590241327	20124.751617026377	20100.661518639077	19972.444253703503	19126.444609680868	19757.1797296396	19707.232461616488	19202.351443225496	19650.168233946224	19301.782627437133	19932.99223237224	19784.967814973355	19406.8184699529	19729.149834049786	19046.023199220333	19360.905820942524	19589.730601574756	19716.3223773468	20304.32403066376	19402.62998277924	19579.31032165517	18961.12888516535	18943.990802083317	19658.0117362041	18786.939134856904	18945.13774455965	19810.937785584785	18895.268482984848	19260.841309139003	19584.3483149542	19603.17925644962	20192.819222322225
MAR04373_pos	10030.111694965794	9828.504360685149	9922.387121555605	10147.839596000144	10358.515717781867	10236.248384384317	10535.571385753628	10362.572467006628	10386.142852931942	10248.47315994397	10191.804235325362	10097.104197359587	10232.621326390628	9976.39336278854	10347.59212806055	10363.041659327251	10117.303371289863	10329.168672033931	10319.98504024004	10713.646205413695	9971.473073081046	10122.514343590774	10237.320387826978	9875.573493416752	10190.07258712264	9936.363231017463	10133.472434842875	10312.414362938882	10238.221699044958	10364.3029946984	9971.275752469168	10142.776674013092	10203.642092688016	10038.2609659848	10374.748365207226	10170.982331876306	10068.33219626492	9881.031815792565	9990.569690212827	10170.177437441784	9818.55030991188	9890.150195656484	10294.860514157366	9960.241262570958	10016.925413370544	10063.031021035356	10153.735948734338	10405.062764500664
MAR04375_neg	10922.532431548863	10307.69314936658	10412.27760092513	10654.83438851203	10606.087846226745	11252.74203286248	11051.42964203962	10357.022182306962	11082.574510965367	10160.913559498851	11090.445283077766	10839.472863779973	10490.854615034828	10477.188210119031	11053.14587580773	10686.134009789022	10612.3129810236	11085.569853938025	11178.52739835548	11293.514166980502	10309.904725594715	10820.05581624738	10690.306124320216	10233.176844337697	10495.775211186066	10186.667864693594	10556.634192009416	10674.343253564324	10501.725445454524	10619.854636113958	10215.050375245766	10608.460148253334	10492.98780344552	10769.455741391414	11230.820146926868	10500.777280869965	10539.207741545772	10109.388072458958	9987.86372640902	10594.8435737337	10171.622076141102	10284.594194095656	11433.28980225978	10166.904385106653	10266.840701059213	10467.090013689956	10424.042492065852	11513.217199895282
MAR04375_pos	35498.63686682305	34778.181695796	34962.67534694838	35937.78332736741	35465.47248248437	36215.05399432854	36297.71909444491	35666.89814482098	36006.46084945257	35499.04510019221	35872.96220273583	35168.76393812314	35612.49617527917	34686.198930561135	35758.00796969784	35868.967233641895	35808.90814763732	36342.96918013014	37127.462885785615	36367.26424435272	34862.430860724446	35329.37411377774	35368.65992898318	34590.20274401942	35356.890724443954	34785.7744212709	35632.25672290507	35735.55047690492	36148.3392807946	35693.37687224062	34925.012270281906	34707.29003440388	35528.038810699065	35050.46119362319	35763.94624630902	35595.38683992889	34973.579821732405	34988.689560665225	34902.903277785575	35550.420100914795	34620.61959252642	35419.82317600465	35656.37428835268	35266.93385786425	35291.88165078162	34796.76996736832	34872.90137182256	37048.24567142401
MAR04377_pos	14901.31815106454	14122.905877832716	14285.001368166042	14595.487189575257	14561.52646157836	15222.120710824556	15180.973025679586	14317.026645170914	14788.811916794084	13918.078253980835	15169.505709453646	14624.4174167594	14312.33556482222	14307.04844596468	15218.064809476158	14763.641194147722	14480.581623249327	15192.073551050486	15219.296168755602	15425.34619526921	14103.200225802098	14763.79369273415	14546.812889774712	14092.363342318082	14493.049664208576	14013.250959169622	14460.46857281742	14621.71064697748	14685.862918742832	14822.64050682274	14054.405930339168	14519.617365636896	14466.760621864842	14692.575881035324	15286.598321145108	14407.398936939042	14416.442379809883	13845.520288808655	13803.273222379064	14469.2613013429	13833.089583263103	14033.914723475376	15214.982617725962	13862.91069264238	14022.679684599416	14343.62049391749	14303.699549691117	15293.208619294544
MAR04379_pos	9630.892137943236	8988.338444021942	9134.225318054465	9336.30141495197	9282.25354495325	9832.695134602813	9782.784077614357	9097.839074505964	9471.053035496783	8806.57763457035	9793.663919241628	9451.761313253191	9088.494727501888	9109.871787322749	9793.547910058644	9398.882727032018	9320.103185429312	9789.123984748609	9849.82406349142	9970.217362168658	8995.068390940547	9479.146957278976	9315.167160716885	8963.54602726834	9241.324500759663	8917.520227444295	9245.939280315826	9356.953518636084	9395.82692523736	9509.210961321289	8890.039117371873	9284.97271090646	9228.069299341	9458.285036838544	9906.781983909694	9183.570248088618	9219.25293540397	8746.506289847568	8697.251638742258	9248.690998722408	8745.432548216342	8975.065025259291	9833.518893975472	8750.235672324336	8901.668602669639	9169.755876624076	9121.439450927077	9916.05082934321
MAR04381_neg	5426.598232759462	5243.51129612331	5314.999341911466	5367.400085009873	5372.804104034924	5492.99540522172	5497.143651306182	5405.246126798967	5402.236186038619	5262.884611898148	5514.304634293428	5394.317553342805	5206.452085721427	5263.939614752284	5382.452783451206	5443.109312047559	5437.789494516876	5545.78168462081	5556.689176546921	5548.224633112226	5266.8308635768935	5382.774059076509	5403.044008668831	5257.452928344837	5349.609137394537	5300.505279526416	5414.048791911972	5386.829564693276	5370.751211117609	5409.144981713209	5256.666911246363	5343.376116503336	5367.476228188023	5372.198483216407	5560.571173232836	5311.181172235651	5383.019438560054	5175.01102130616	5210.0822494485565	5396.814735532166	5191.41227521048	5201.229064885888	5498.474940454269	5173.87267209866	5270.067270209042	5404.303340489867	5422.94710828065	5520.821053808757
MAR04381_pos	17949.55326200862	17495.923468953806	17828.675694800222	17692.83434120107	18274.150364746463	17811.482298775343	18516.28499261477	18139.87634078249	17876.808235534565	17790.708930481942	18298.96651926881	17802.648597693536	17617.63522303981	17419.23488741483	17594.293657155875	18247.13460507295	17924.68817902149	18205.80560424923	18349.16832638063	18772.1966493764	17665.98620106904	17851.20414832166	17981.50175896106	17534.148824385324	17259.178010018506	17411.429449585237	17596.163626511992	17907.248908027726	18255.750008195057	17911.036460137715	17397.60664846082	17739.81030770839	18237.57379100286	17605.6619420005	18185.506248857964	17914.87163656207	17634.004394628795	17013.116870795693	17333.04059728853	18074.685646410984	17501.283101556997	17350.779946782157	18214.819216868447	17118.60113897151	17470.17887339665	17711.550327643068	17935.921910012683	18553.907987251878
MAR04388_neg	4510.524207666641	4110.794758519807	4165.169514958434	4454.089325813729	4170.404417395788	4317.106456593699	4116.700424144588	4453.5571980459845	4415.661444199074	4073.847404568069	4495.871769500829	4445.743588484364	4209.061131420076	4118.72629098254	4524.869091806972	4025.038948048067	4508.255438687565	4719.720421477875	4436.676729537821	4517.949441639239	4133.222620976071	4186.815835984334	4084.434982927879	4133.1263765186	4393.879057489645	4104.336486983627	4256.118548206903	4098.249383230379	4108.802996784776	4411.51193615871	4078.575978327316	4471.998847846493	4125.461724124757	4125.288713822062	4395.601561525971	4093.1426143647695	4460.540886699344	4028.3386298814	4076.773142922301	4170.662804578546	4061.708091748917	4256.673315376371	4485.374894632338	4068.910733303516	4239.015051328354	4411.536005488029	4217.892483329915	4487.790192782837
MAR04388_pos	5947.603316732256	5489.162747580848	5728.900171871668	5971.518706636328	5702.151504235354	5836.321812294109	5583.854565720119	6244.7916660127285	6206.909799211933	5548.9450000673405	5955.277702315124	6237.872991562189	5999.3047911053545	5655.165502902991	6318.105493276358	5815.962472023171	6299.371017225511	6508.81550649538	6231.357585775373	5955.44450806936	5538.412875146989	5974.108978133636	5485.6777747070055	5446.923292393358	5806.484867762214	5894.708275665425	5793.588302497593	5335.322677673784	5594.859058699907	5685.914908277546	5664.882919126583	5874.284720454519	5608.530410041438	5599.97957084638	5845.588264252338	5238.836395458087	6037.066526384362	5424.414639070844	5518.007965433353	5739.6655216142735	5565.292876098532	6049.225321194643	6279.48093902723	5620.332343532603	5556.542391447758	6206.900183368763	5737.685675539809	6276.695289720033
MAR04391_neg	18866.523754229755	18409.79894372753	18567.038424288014	18817.44172975369	19080.615451247017	19084.173142240485	19339.09385608227	19120.318755609056	18886.62253365189	18846.66234029528	19193.77131067984	18873.378662328352	18749.671757152068	18654.48823521816	19251.465151876106	19318.772970307265	18838.87936640496	19254.24876259767	19105.899578557797	19334.782094776685	18457.56665432457	18729.913603441964	18805.86764436831	18627.177280371576	18883.629432451165	18537.610378519043	18860.870924598377	18727.39140249659	18946.207718328973	18948.0033031318	18654.12462580123	18922.862969120797	19052.022527068253	18629.151926494596	19099.25732874721	18805.055075702126	18827.812204993545	18294.330969877603	18460.5757900616	18797.62569367032	18274.357695619983	18419.13103714196	19116.34314415992	18655.41093491409	18810.655148844493	18835.74874839829	18765.51184980667	19186.86190671909
MAR04391_pos	29584.521432158326	28960.656224090533	28912.03630900868	29624.612952424868	29620.952624669877	30228.2234428502	30248.392997119343	29678.413264142004	29908.28295975936	29421.701564674346	30107.997762303286	29465.804202995925	29367.883283924733	28848.764002020343	29747.8641365202	29806.27159951396	30191.978082591904	30117.37345300989	30788.330714517557	30073.113472030916	29119.64528274517	29684.4814165212	29675.561289351444	28691.36085327763	29611.141518374578	29142.064276175894	30048.30121984723	29899.735908417864	29882.581283167416	29753.889969992688	28696.11253884081	29048.405036767377	29659.801401242083	29472.401356047903	30215.59803235121	29418.37253583929	29038.211372526224	29026.36995112072	29046.341750260453	29823.365915077808	28701.260021946902	29147.264109736232	29525.10330485778	29130.64482557743	29145.376581839984	28985.08749150759	29238.69333941196	30703.06559460008
MAR04394_pos	14614.943343521332	13725.637117227245	14274.827361533196	14329.134975630015	14599.179392422337	14139.200469628471	14826.025550481683	14694.823299254593	14169.67429425383	14008.19241017124	14801.661923459544	14625.191888715746	14016.622412662604	13542.03226514988	14271.314430740686	14426.433164621674	14607.859915862036	14564.005552438211	14574.431730333752	15029.511987843402	14146.812297633904	14338.125889082869	14604.763711793466	14042.99881641262	14253.59604501523	14317.778422330131	14366.46855411765	14158.530441479728	14405.902084240724	14492.460888161431	13670.503754707024	14275.656670334678	14462.181191234164	14194.443462473742	14711.180696215017	14377.882005080706	14229.972524916097	13442.511046658654	13849.664513141435	14390.471146372063	13983.988126794497	13929.461917237197	14599.814100424064	13529.330327450902	14083.259823385608	14302.673257092967	14592.327537696969	14946.467375132785
MAR04396_neg	35437.429158650906	34152.80834742596	33598.57600332231	35372.43197467525	35676.93226745973	35728.22987957159	35297.236124124	35200.20097169638	36002.04195103053	34397.96730173319	35528.4569964158	35149.9408435012	35019.19469735719	33887.02861280489	35571.775655597085	36278.44526331153	35669.82510241515	36608.69638645695	35624.45708077929	35149.7707025924	34294.12438928183	34965.3989338231	34897.869158167065	34913.88104076884	35400.64163129029	35052.56743858617	34854.21526800478	35015.46578553988	35774.54584079326	35869.65486094437	33423.66724730741	34942.787983124465	34564.376482100044	34315.41137892021	35651.03487235041	33472.31768679262	34336.65563423032	33987.81680254563	34535.84260523404	34488.68744414214	33210.274196318416	33931.23875410125	35591.07285383464	33929.73538986263	34022.301789874815	34964.1666901894	35347.12857164544	35925.96565744329
MAR04396_pos	5402.17185449272	5260.740664591036	5308.874653824529	5407.6045147536415	5421.250636932909	5537.469145176702	5513.058155846273	5424.7964356312405	5495.728450458981	5296.518946028026	5499.877815843798	5432.556883077218	5292.70951950661	5325.581730867291	5456.2434221451285	5505.110408591131	5480.342978712036	5532.78884263307	5567.109669806727	5597.657360731506	5286.325931811322	5434.499648498541	5468.181378644263	5283.862824748626	5405.070895127188	5314.355239091629	5487.313992636925	5434.871026150674	5367.761419638672	5478.416810784536	5328.028343956491	5367.758510838055	5386.975838394948	5454.522904729945	5582.906275449978	5354.081810723935	5425.134905443669	5265.037942981871	5289.087969774035	5437.5866791832495	5239.643144534756	5248.251044254779	5539.30339155322	5248.618868272394	5313.938180158838	5422.1500681358775	5460.435323182251	5556.501465987751
MAR04408_neg	3365.682308558811	3294.46011647786	3512.5174666628805	3189.794188338125	3731.579736695249	3733.7692479690086	3747.051403608791	3739.870184052679	3739.870184052679	3739.870184052679	3740.94382284834	3731.579736695249	3455.04560668698	3478.347941173163	3744.21330019166	3739.870184052679	3739.870184052679	3739.870184052679	3742.317572359539	3747.051403608791	3731.9157146980874	3739.290135866589	3739.174401278974	3233.208289103901	3747.051403608791	3731.9157146980874	3380.4686420558664	3742.569982233563	3747.051403608791	2895.098409940287	3739.599664071564	3492.5506847059487	3750.24595921966	3730.284106353204	3735.3913480116425	3743.091574871958	3519.708400664548	3730.284106353204	3494.6764645597004	3728.2389697944495	3293.815212271892	3739.2168683703167	3730.284106353204	3758.7947244567713	3257.717498153698	3750.24595921966	3463.6242014571994	3731.9157146980874
MAR04408_pos	3365.682308558811	3294.46011647786	3512.5174666628805	3189.794188338125	3731.579736695249	3733.7692479690086	3747.051403608791	3739.870184052679	3739.870184052679	3739.870184052679	3740.94382284834	3731.579736695249	3455.04560668698	3478.347941173163	3744.21330019166	3739.870184052679	3739.870184052679	3739.870184052679	3742.317572359539	3747.051403608791	3731.9157146980874	3739.290135866589	3739.174401278974	3233.208289103901	3747.051403608791	3731.9157146980874	3380.4686420558664	3742.569982233563	3747.051403608791	2895.098409940287	3739.599664071564	3492.5506847059487	3750.24595921966	3730.284106353204	3735.3913480116425	3743.091574871958	3519.708400664548	3730.284106353204	3494.6764645597004	3728.2389697944495	3293.815212271892	3739.2168683703167	3730.284106353204	3758.7947244567713	3257.717498153698	3750.24595921966	3463.6242014571994	3731.9157146980874
MAR04410_neg	3365.682308558811	3294.46011647786	3512.5174666628805	3189.794188338125	3731.579736695249	3733.7692479690086	3747.051403608791	3739.870184052679	3739.870184052679	3739.870184052679	3740.94382284834	3731.579736695249	3455.04560668698	3478.347941173163	3744.21330019166	3739.870184052679	3739.870184052679	3739.870184052679	3742.317572359539	3747.051403608791	3731.9157146980874	3739.290135866589	3739.174401278974	3233.208289103901	3747.051403608791	3731.9157146980874	3380.4686420558664	3742.569982233563	3747.051403608791	2895.098409940287	3739.599664071564	3492.5506847059487	3750.24595921966	3730.284106353204	3735.3913480116425	3743.091574871958	3519.708400664548	3730.284106353204	3494.6764645597004	3728.2389697944495	3293.815212271892	3739.2168683703167	3730.284106353204	3758.7947244567713	3257.717498153698	3750.24595921966	3463.6242014572003	3731.9157146980874
MAR04410_pos	3365.682308558811	3294.46011647786	3512.5174666628805	3189.794188338125	3731.579736695249	3733.7692479690086	3747.051403608791	3739.870184052679	3739.870184052679	3739.870184052679	3740.94382284834	3731.579736695249	3455.04560668698	3478.347941173163	3744.21330019166	3739.870184052679	3739.870184052679	3739.870184052679	3742.317572359539	3747.051403608791	3731.9157146980874	3739.290135866589	3739.174401278974	3233.208289103901	3747.051403608791	3731.9157146980874	3380.4686420558664	3742.569982233563	3747.051403608791	2895.098409940287	3739.599664071564	3492.5506847059487	3750.24595921966	3730.284106353204	3735.3913480116425	3743.091574871958	3519.708400664548	3730.284106353204	3494.6764645597004	3728.2389697944495	3293.815212271892	3739.2168683703167	3730.284106353204	3758.7947244567713	3257.717498153698	3750.24595921966	3463.6242014571994	3731.9157146980874
MAR04454_neg	3059.30707439702	2826.396165094944	2812.053117217587	3118.519498153594	3654.903640979168	3105.00045290641	3667.945370474201	3349.955537257808	3029.4067200293666	3300.260350514898	3314.2244180608145	3659.955550300544	2807.0865179620005	3015.997012696559	3645.744607431701	3669.659180499839	3669.659180499839	3670.100270750858	3671.567156453063	3654.267892645165	2797.346074916376	3172.422054658512	2856.1446842683185	3490.1246027638817	3675.188923716605	3628.356255295113	3279.5567139058303	3400.7487800097088	3670.2747185738335	3393.3497521894524	2809.2126109414253	3669.659180499839	3648.0639029113095	3639.9880772670895	3199.9116120647423	2784.8007411213976	2999.057375939844	3632.607544175064	3153.316852119537	3205.785625132288	3171.6853179384075	3070.6132590808	3624.8527646065063	3640.657999377128	3179.217017573171	3652.903698757282	3092.836819996837	3301.8406907922194
MAR04454_pos	3059.30707439702	2826.396165094944	2812.053117217587	3118.519498153594	3654.903640979168	3105.00045290641	3667.945370474201	3349.955537257808	3029.4067200293666	3300.260350514898	3314.2244180608145	3659.955550300544	2807.0865179620005	3015.997012696559	3645.744607431701	3669.659180499839	3669.659180499839	3670.100270750858	3671.567156453063	3654.267892645165	2797.346074916376	3172.422054658512	2856.1446842683185	3490.1246027638817	3675.188923716605	3628.356255295113	3279.5567139058303	3400.7487800097088	3670.2747185738335	3393.3497521894524	2809.2126109414253	3669.659180499839	3648.0639029113095	3639.9880772670895	3199.9116120647423	2784.8007411213976	2999.057375939844	3632.607544175064	3153.316852119537	3205.785625132288	3171.6853179384075	3070.6132590808	3624.8527646065063	3640.657999377128	3179.217017573171	3652.903698757282	3092.836819996837	3301.8406907922194
MAR04458_neg	3059.30707439702	2826.396165094944	2812.053117217587	3118.519498153594	3654.903640979168	3105.00045290641	3667.945370474201	3349.955537257808	3029.4067200293666	3300.260350514898	3314.2244180608145	3659.955550300544	2807.0865179620005	3015.997012696559	3645.744607431701	3669.659180499839	3669.659180499839	3670.100270750858	3671.567156453063	3654.267892645165	2797.346074916376	3172.422054658512	2856.1446842683185	3490.1246027638817	3675.188923716605	3628.356255295113	3279.5567139058303	3400.7487800097088	3670.2747185738335	3393.3497521894524	2809.2126109414253	3669.659180499839	3648.0639029113095	3639.9880772670895	3199.9116120647423	2784.8007411213976	2999.057375939844	3632.607544175064	3153.316852119537	3205.785625132288	3171.6853179384075	3070.6132590808	3624.8527646065063	3640.657999377128	3179.217017573171	3652.903698757282	3092.836819996837	3301.8406907922194
MAR04458_pos	3059.30707439702	2826.396165094944	2812.053117217587	3118.519498153594	3654.903640979168	3105.00045290641	3667.945370474201	3349.955537257808	3029.4067200293666	3300.260350514898	3314.2244180608145	3659.955550300544	2807.0865179620005	3015.997012696559	3645.744607431701	3669.659180499839	3669.659180499839	3670.100270750858	3671.567156453063	3654.267892645165	2797.346074916376	3172.422054658512	2856.1446842683185	3490.1246027638817	3675.188923716605	3628.356255295113	3279.5567139058303	3400.7487800097088	3670.2747185738335	3393.3497521894524	2809.2126109414253	3669.659180499839	3648.0639029113095	3639.9880772670895	3199.9116120647423	2784.8007411213976	2999.057375939844	3632.607544175064	3153.316852119537	3205.785625132288	3171.6853179384075	3070.6132590808	3624.8527646065063	3640.657999377128	3179.217017573171	3652.903698757282	3092.836819996837	3301.8406907922194
MAR04465_pos	18177.438010221624	17652.371632075236	18183.933700653917	18378.81553914318	18272.669406056862	18627.28596346476	18207.9584691937	18350.465998041534	18208.779641903584	18108.47919803617	18251.353053233284	18202.854392879635	18013.62441691488	17724.324134265094	18818.89717314109	18500.47411973069	18569.260298010937	18794.497913329356	18969.38090851977	19074.212786901408	17839.01577221738	18253.15531937167	18124.705906026185	17610.2281901944	17913.951376549732	17593.75446184864	18167.298295018416	18202.414078489168	17829.660824282328	18325.67699173515	17971.316476184384	18007.70484117912	17914.55161116916	17528.661146484857	18640.098422318224	17851.339799160443	18433.71960199699	17691.55982412259	17728.10550508447	18552.39747223683	17373.214557783638	17823.689085775142	18394.69308604369	17324.937454708994	18297.013577833783	17850.244643014415	18009.450543789357	18902.556009863136
MAR04521_pos	17731.758237263602	16757.445238837896	17365.074399890043	17442.019633677348	17791.97200596995	17251.578757266085	18027.75867311977	17860.190020359758	17316.374682758582	17089.00419378829	17997.194567217364	17776.195167486465	17147.207415819266	16554.16968670008	17434.926196465854	17610.26643467451	17750.478508027827	17744.621390556502	17725.86059708543	18267.013707275637	17235.86556013891	17460.420098807455	17791.251181337484	17125.426916066703	17419.594406291955	17444.320486328063	17516.843215626188	17265.977037109187	17531.70684003099	17668.06609902579	16769.636002443614	17435.338294529698	17619.976121581727	17315.343572434966	17899.370499245695	17550.24524502527	17356.962812626352	16475.474289594804	16971.2372701586	17531.38377054162	17082.792732519585	16976.64089504087	17765.866970164578	16586.377907982845	17201.89516900383	17432.28999326478	17769.236991698777	18149.814516027665
MAR04589_neg	3059.30707439702	2826.396165094944	2812.053117217587	3118.519498153594	3654.903640979168	3105.00045290641	3667.945370474201	3349.955537257808	3029.4067200293666	3300.260350514898	3314.2244180608145	3659.955550300544	2807.0865179620005	3015.997012696559	3645.744607431701	3669.659180499839	3669.659180499839	3670.100270750858	3671.567156453063	3654.267892645165	2797.346074916376	3172.422054658512	2856.1446842683185	3490.1246027638817	3675.188923716605	3628.356255295113	3279.5567139058303	3400.7487800097088	3670.2747185738335	3393.3497521894524	2809.2126109414253	3669.659180499839	3648.0639029113095	3639.9880772670895	3199.9116120647423	2784.8007411213976	2999.057375939844	3632.607544175064	3153.316852119537	3205.785625132288	3171.6853179384075	3070.6132590808	3624.8527646065063	3640.657999377128	3179.217017573171	3652.903698757282	3092.836819996837	3301.8406907922194
MAR04589_pos	3059.30707439702	2826.396165094944	2812.053117217587	3118.519498153594	3654.903640979168	3105.00045290641	3667.945370474201	3349.955537257808	3029.4067200293666	3300.260350514898	3314.2244180608145	3659.955550300544	2807.0865179620005	3015.997012696559	3645.744607431701	3669.659180499839	3669.659180499839	3670.100270750858	3671.567156453063	3654.267892645165	2797.346074916376	3172.422054658512	2856.1446842683185	3490.1246027638817	3675.188923716605	3628.356255295113	3279.5567139058303	3400.7487800097088	3670.2747185738335	3393.3497521894524	2809.2126109414253	3669.659180499839	3648.0639029113095	3639.9880772670895	3199.9116120647423	2784.8007411213976	2999.057375939844	3632.607544175064	3153.316852119537	3205.785625132288	3171.6853179384075	3070.6132590808	3624.8527646065063	3640.657999377128	3179.217017573171	3652.903698757282	3092.836819996837	3301.8406907922194
MAR04652_neg	2015.5539666175275	1998.3998618899327	2011.8223425342967	2064.4651863895165	1828.6862522593683	1992.2714042891548	2641.8859302026867	2200.1644384911165	1950.124422906871	1736.1089985310446	1823.9140122519188	2239.3686768284942	1853.789913276572	2142.327485769577	2227.472311625573	2152.021154216527	1996.755003208812	1999.521254202195	2157.8873496771184	2119.8669996478784	2072.041118341476	2226.964687358239	2117.1783746069523	2116.849196152988	1840.442458571865	1940.004537408952	2452.3921872411997	2295.9480666046	2086.087944285214	1893.3579312553657	2051.249506487746	1863.26946418008	2074.447087120177	1901.345386238997	2188.8287221533938	1868.7590922993693	2019.4446298885105	1909.0656343786184	2122.162117819476	2208.2645237348925	2040.0147480065352	2088.1885589878448	1728.3883596433134	2655.3095719816683	1873.639610217569	1954.10193984801	1819.5391351456144	2165.2488212031576
MAR04652_pos	2015.5539666175275	1998.3998618899327	2011.8223425342967	2064.4651863895165	1828.6862522593683	1992.2714042891548	2641.8859302026867	2200.1644384911165	1950.124422906871	1736.1089985310446	1823.9140122519188	2239.3686768284942	1853.789913276572	2142.327485769577	2227.472311625573	2152.021154216527	1996.755003208812	1999.521254202195	2157.8873496771184	2119.8669996478784	2072.041118341476	2226.964687358239	2117.1783746069523	2116.849196152988	1840.442458571865	1940.004537408952	2452.3921872411997	2295.9480666046	2086.087944285214	1893.3579312553657	2051.249506487746	1863.26946418008	2074.447087120177	1901.345386238997	2188.8287221533938	1868.7590922993693	2019.4446298885105	1909.0656343786184	2122.162117819476	2208.2645237348925	2040.0147480065352	2088.1885589878448	1728.3883596433134	2655.3095719816683	1873.639610217569	1954.10193984801	1819.5391351456144	2165.2488212031576
MAR05294_pos	20702.67963169157	19876.33838531887	19850.29659594634	20864.411988771164	20840.438820688512	21027.244228404463	20468.84331337815	20928.418667161288	20761.423584540284	20161.934236628007	20743.25235397903	20109.79439256613	20449.82293454498	19940.04791874732	20773.36052909933	21189.267027010173	20213.7726866169	21070.95063199396	20434.898739538043	21206.936367698167	19947.98554184737	20163.36675451192	20427.96467042634	20159.516297657585	20676.17096937364	19934.57781801324	20319.64192151905	20630.64807673421	20497.82388450792	20556.23980359474	19829.193581523126	20373.26595004141	19877.96088697201	20002.852648472577	20551.15244067004	19907.78288368312	20219.194962990558	19868.243705270022	19883.086394905728	20091.391016661728	19785.234575318533	19720.333252955028	20437.02172625037	20134.49666803284	19873.93567978458	20530.539544868	20430.636643775168	20651.93644082603
MAR06412_pos	23716.647988533008	22701.58459264104	22858.308200393563	22575.24650099786	23007.888748562706	24031.9098210546	23280.28222168021	23510.67123378149	23894.737723515624	22808.209023557632	22952.12386483541	23274.002652389383	22706.07985710037	22927.458018010348	24138.793357651703	24153.917400046397	23401.067054991105	23961.13555945561	23930.575257826345	24527.988364183155	23088.45916057169	23381.42266474506	23530.19289410686	23473.542197702143	23486.58587890855	22694.26012247655	23725.808831739243	23737.00909076956	23142.614088996077	23237.652192695936	23250.702681445957	22977.546570924183	22870.74026299528	23015.842484215747	23906.028970421397	23327.82743869236	23002.13643325269	22777.67514378849	23045.7440205335	22818.5771259128	22698.47049333318	22299.511081845136	23013.909507854536	22883.63259144207	23573.696583003904	22749.107865370715	23139.962930051115	24239.32880415163
MAR06413_pos	21289.675143284898	20586.941264423564	20913.30489699278	21381.490292229377	21522.28950147593	21417.866632689016	21650.464166522128	21349.856084454907	21580.61676560581	20916.755173806552	21564.39170434992	21290.83507083681	21060.39640750028	20657.57459689942	21285.052020369247	21420.79450193102	21189.10813652468	21543.1622111426	21560.08497669243	21672.334423012853	20786.619317209657	21021.945703150275	21162.28277235389	20684.37585964964	21405.656226820956	21033.69903713649	21252.8339717644	21345.69765326448	21745.24954269301	21252.86779322393	20904.88709276243	21106.04766931277	21010.010330422327	20779.591060952167	21567.51250010376	21260.32629918793	21056.52451263228	20868.621913999912	20707.779906963973	21120.170289603757	20553.42276508277	20608.33973732746	21209.694053835938	20815.89156953214	21007.34773831249	20938.95680005809	21038.73528815052	21467.27637572615
MAR06414_neg	0.0	0.0	0.0	0.0	0.0	0.0	0.0	0.0	0.0	0.0	0.0	0.0	0.0	0.0	0.0	0.0	0.0	0.0	0.0	0.0	0.0	0.0	0.0	0.0	0.0	0.0	0.0	0.0	0.0	0.0	0.0	0.0	0.0	0.0	0.0	0.0	0.0	0.0	0.0	0.0	0.0	0.0	0.0	0.0	0.0	0.0	0.0	0.0
MAR06414_pos	21289.675143285043	20586.941264423687	20913.304896992875	21381.490292229533	21522.289501476054	21417.866632689165	21650.464166522277	21349.856084455158	21580.61676560595	20916.75517380665	21564.391704350044	21290.835070836965	21060.3964074992	20657.574596899663	21285.052020369363	21420.79450193143	21189.10813652482	21543.162211142724	21560.084976692597	21672.33442301297	20786.619317209115	21021.94570315044	21162.28277235367	20684.37585964978	21405.65622682109	21033.69903713645	21252.83397176453	21345.697653264582	21745.24954269316	21252.86779322402	20904.88709276256	21106.047669312906	21010.010330422472	20779.591060952294	21567.5125001045	21260.326299188066	21056.52451263238	20868.621914	20707.77990696413	21120.170289604222	20553.42276508289	20608.339737327613	21209.69405383608	20815.89156953225	21007.347738312583	20938.956800058237	21038.735288150638	21467.27637572629
MAR07704_pos	1157.780206192784	1130.5973345572347	1163.214175233018	1144.8441825073478	1165.8150944426577	1174.9865860014886	1166.2328290139417	1155.7654753789895	1177.8679182809392	1153.346928812614	1153.6149333677536	1146.351684214947	1161.9505517697146	1144.896632259517	1160.3315438983711	1164.013041938264	1129.045158177281	1177.393357374278	1187.768552859253	1178.173555685485	1151.7443080044684	1158.7874893505386	1165.324252210886	1120.7217021196516	1148.3746407222677	1135.410759612085	1156.8190663221026	1164.8449630941843	1158.2336891252216	1179.9763832355145	1148.2779323354528	1139.9282153761485	1147.1383328001864	1143.6461192601453	1177.7559471437346	1156.880373612869	1145.929462125905	1137.9509987534357	1160.0639053203538	1149.3245082168296	1136.1446989268431	1145.7023636164934	1177.707255840777	1137.0693252525805	1149.1380983788963	1147.835258649061	1143.970756084473	1189.2004694215514
MAR07706_pos	478.9445374776069	480.07119488095583	488.9531379204022	482.3490741372373	491.84544313519166	486.89579349979954	477.1128509305349	483.3441076318003	490.3366726569792	488.7585562797903	472.8340087706176	479.7953782283816	489.8673508791575	478.5980937879233	492.7340701453956	478.8359481453994	468.3172220802927	493.4200068466301	494.2813164116669	495.11133302381177	482.5689288581921	481.6384690470367	482.0845104798762	470.4938814039478	480.1863669222267	465.2900169052297	482.3285183576999	487.9785613800258	471.32644511728864	489.67396489477375	488.0566608612724	483.27500307744873	481.6069827113068	465.35037202813777	491.2070179592047	490.4207164035989	475.8893087633014	481.4901586629357	487.0120143119652	475.60384718346046	479.9909687183208	483.5167392466704	489.7997764682205	477.5819244485165	479.1460287852212	478.36962250633616	472.9417991570269	495.14290072609344
MAR07745_neg	0.0	0.0	0.0	0.0	0.0	0.0	0.0	0.0	0.0	0.0	0.0	0.0	0.0	0.0	0.0	0.0	0.0	0.0	0.0	0.0	0.0	0.0	0.0	0.0	0.0	0.0	0.0	0.0	0.0	0.0	0.0	0.0	0.0	0.0	0.0	0.0	0.0	0.0	0.0	0.0	0.0	0.0	0.0	0.0	0.0	0.0	0.0	0.0
MAR07745_pos	0.0	0.0	0.0	0.0	0.0	0.0	0.0	0.0	0.0	0.0	0.0	0.0	0.0	0.0	0.0	0.0	0.0	0.0	0.0	0.0	0.0	0.0	0.0	0.0	0.0	0.0	0.0	0.0	0.0	0.0	0.0	0.0	0.0	0.0	0.0	0.0	0.0	0.0	0.0	0.0	0.0	0.0	0.0	0.0	0.0	0.0	0.0	0.0
MAR07747_pos	14974.481183640242	14335.762291507635	14671.712672225956	15127.59990350432	14968.729972239244	14795.45352694389	15205.45869908964	15493.762508930133	14858.039116107626	14808.936744027164	15206.471916970922	15021.655481614336	14835.375959233836	14021.50021878349	15011.304439816084	15226.088810953024	15426.51496581952	14943.704817749756	14980.969817728694	15498.488123834626	14568.47454776113	14775.814643270363	15052.506442493674	14445.254148614218	14748.985637208956	14705.014352477549	14791.426646517166	14641.594958739535	14921.72006275052	14959.279847638722	14159.136102842029	14970.28069076016	14833.573178215996	14798.37368794256	15389.68065069934	14818.39739433465	14599.53020848178	13971.392680828958	14434.363344060492	15198.05294167464	14546.325747481476	14655.593474303185	15017.46427701209	14335.840928946156	14523.711107112998	14991.24409772673	15047.50058255588	15421.668783850326
MAR08357_pos	21542.2901914946	21095.99402777029	20709.058938247217	22214.20338589856	21655.3485993408	21729.71901216725	21814.99997056813	22125.335064439358	22144.20244099623	21764.29367907584	22501.08597041513	21597.30736678116	21361.75850712404	20923.47586406382	21819.527638401774	22495.504334769783	21677.294928818977	21630.56430899174	22004.190614547715	22018.507340845903	21232.17862462508	21432.08490953832	21507.921556978214	20967.171247941544	21411.90846187252	21156.29124876126	21660.71274909085	21462.3320062828	21367.099617316133	21934.335522794696	20965.331031757803	21402.067607117344	21203.31107727807	21128.846292339265	21940.81580529671	21269.276398972022	21532.07729403561	20681.67612542517	21043.941449312948	21725.48866378809	20503.87818491722	21162.071181993237	21676.76281732308	20609.36766888223	21483.200791794578	21242.067837398023	21558.466878632003	21817.635962319026
MAR08360_pos	15.15999260124148	14.939460628576905	15.13965026901758	14.875032520102147	14.959056229174948	14.69272464811227	15.153534639281364	14.829706070903564	15.149540662514696	14.902393452351731	15.075027592919312	15.14544937446802	15.155242901577594	14.87302167297636	15.155797834802256	14.842559999749016	14.832954101148978	15.14434248389833	15.149540662514696	15.155797834802256	15.12783805677747	15.017598326093657	14.925659077553142	14.512341228455668	14.827205459065915	14.802852136810936	15.01418831708582	14.915907850574882	14.788937547940414	14.987377861493613	15.0566322144894	15.087768372047666	15.15638619998906	14.667762821374607	15.148713357489338	14.941980964794023	14.923836566018789	14.91574016447143	14.999662898613996	14.70036859747572	14.62092204166509	14.87592189730997	15.151028104799575	15.153434706342791	14.898453006193373	14.646971839428154	14.665184900017191	15.153540252949222
MAR08652_pos	0.0	0.0	0.0	0.0	0.0	0.0	0.0	0.0	0.0	0.0	0.0	0.0	0.0	0.0	0.0	0.0	0.0	0.0	0.0	0.0	0.0	0.0	0.0	0.0	0.0	0.0	0.0	0.0	0.0	0.0	0.0	0.0	0.0	0.0	0.0	0.0	0.0	0.0	0.0	0.0	0.0	0.0	0.0	0.0	0.0	0.0	0.0	0.0
MAR08743_neg	2015.5539666175275	1998.3998618899327	2011.8223425342967	2064.4651863895165	1828.6862522593683	1992.2714042891548	2641.8859302026867	2200.1644384911165	1950.124422906871	1736.1089985310446	1823.9140122519188	2239.3686768284942	1853.789913276572	2142.327485769577	2227.472311625573	2152.021154216527	1996.755003208812	1999.521254202195	2157.8873496771184	2119.8669996478784	2072.041118341476	2226.964687358239	2117.1783746069523	2116.849196152988	1840.442458571865	1940.004537408952	2452.3921872411997	2295.9480666046	2086.087944285214	1893.3579312553657	2051.249506487746	1863.26946418008	2074.447087120177	1901.345386238997	2188.8287221533938	1868.7590922993693	2019.4446298885105	1909.0656343786184	2122.162117819476	2208.2645237348925	2040.0147480065352	2088.1885589878448	1728.3883596433134	2655.3095719816683	1873.639610217569	1954.10193984801	1819.5391351456144	2165.2488212031576
MAR08743_pos	2015.5539666175275	1998.3998618899327	2011.8223425342967	2064.4651863895165	1828.6862522593683	1992.2714042891548	2641.8859302026867	2200.1644384911165	1950.124422906871	1736.1089985310446	1823.9140122519188	2239.3686768284942	1853.789913276572	2142.327485769577	2227.472311625573	2152.021154216527	1996.755003208812	1999.521254202195	2157.8873496771184	2119.8669996478784	2072.041118341476	2226.964687358239	2117.1783746069523	2116.849196152988	1840.442458571865	1940.004537408952	2452.3921872411997	2295.9480666046	2086.087944285214	1893.3579312553657	2051.249506487746	1863.26946418008	2074.447087120177	1901.345386238997	2188.8287221533938	1868.7590922993693	2019.4446298885105	1909.0656343786184	2122.162117819476	2208.2645237348925	2040.0147480065352	2088.1885589878448	1728.3883596433134	2655.3095719816683	1873.639610217569	1954.10193984801	1819.5391351456144	2165.2488212031576
MAR08757_pos	10.72768438234156	9.98957711179862	10.144686242393892	10.840142925933954	10.228513071660938	10.135490152204415	10.470219960547237	10.804692909243489	11.127365379601226	10.012161372573708	10.618578977969362	11.113235682213238	10.41935699632452	9.887910295451569	10.750238787544705	10.003134107737592	10.82046879975497	10.824138000701584	11.125648900552823	11.119465767095432	10.183257109717722	10.0990183074082	9.923867751513662	9.95269898528694	10.713227394401144	10.09805773630374	10.15429948536164	10.0215154433456	10.513306358417903	10.194247220007265	9.963122307721637	10.697959248914543	10.171002132525874	10.071912091992342	10.74928749882368	10.120782597641115	10.720212108150353	9.95792731950172	10.104237267975789	10.189465473744038	9.83637087161584	10.307429746332105	10.782696394095677	10.33535294614371	10.304771855546893	10.530164484953948	10.136460187876482	11.088296277127608
MAR08772_pos	28339.502701393965	28047.667354223155	28206.58146371361	29301.207723258245	28816.48958366051	28874.715261294637	29315.282733486347	28504.91075925764	29371.759222488243	28978.914092312167	28999.89656993588	28284.65800610537	28759.41340086929	28024.750402808066	28709.817621260296	29091.681518387035	28542.37934929397	29171.70916695567	30023.152413757944	29504.83084868426	28131.986650339964	28365.01023307183	28541.712483652394	27782.687140055903	28406.30799356636	28156.061907274467	28632.77188626164	28821.38172763393	29045.859802915907	29043.63698662479	28138.83264555009	28080.18567199397	28334.67698980911	28223.03368335049	28729.95183063721	28642.77268651165	28160.68573621228	28195.830957278573	28251.26783119859	28585.53846768112	27936.415444171067	28528.71743156229	28690.664153789978	28532.566985462803	28526.519569116823	27873.98887993512	28102.35755402436	29663.63065273373
MAR08773_neg	0.0	0.0	0.0	0.0	0.0	0.0	0.0	0.0	0.0	0.0	0.0	0.0	0.0	0.0	0.0	0.0	0.0	0.0	0.0	0.0	0.0	0.0	0.0	0.0	0.0	0.0	0.0	0.0	0.0	0.0	0.0	0.0	0.0	0.0	0.0	0.0	0.0	0.0	0.0	0.0	0.0	0.0	0.0	0.0	0.0	0.0	0.0	0.0
MAR08773_pos	28339.502701393965	28047.667354223155	28206.58146371361	29301.207723258245	28816.48958366051	28874.715261294637	29315.282733486347	28504.91075925764	29371.75922248825	28978.914092312167	28999.896569935885	28284.65800610537	28759.41340086929	28024.750402808066	28709.8176212603	29091.68151838704	28542.37934929397	29171.70916695567	30023.152413757944	29504.830848684265	28131.986650339968	28365.01023307183	28541.712483652394	27782.687140055907	28406.307993566355	28156.061907274467	28632.77188626164	28821.38172763394	29045.859802915904	29043.636986624795	28138.832645550094	28080.18567199397	28334.676989809115	28223.03368335049	28729.95183063721	28642.772686511657	28160.68573621228	28195.830957278573	28251.26783119859	28585.53846768112	27936.415444171067	28528.71743156229	28690.66415378998	28532.566985462803	28526.519569116823	27873.988879935125	28102.35755402436	29663.630652733733
MAR08774_pos	27665.129966560005	27171.522207560847	27551.55561839334	28254.51895746971	27904.07678607987	28070.80775661661	28540.36588850522	28161.642771363717	28025.840284245303	28007.92781787451	28253.79336103497	27854.228755447264	27529.28318236826	27354.789848659235	27771.73435629297	28263.63954769935	28014.72423883401	28240.368488562803	29142.023716488748	28278.406892119256	27200.92980702173	27636.872454066397	27667.783663548555	27102.004711416183	27421.826709556837	27576.79967735887	27915.41613002581	28026.7244819045	28246.78516256063	27904.595200448974	27363.564567975936	27190.630894267146	27998.41371267665	27577.73024691345	27833.52868178269	27872.632356198315	27584.122045852066	27570.36218412729	27121.93570859232	28019.695860757824	27123.381032494766	27396.73632691707	28089.72750109505	27590.346883524635	27676.14570148072	27145.31583433233	27223.80225083461	28609.86054128999
MAR08775_pos	27051.02748686032	26681.011685539717	26916.18912701881	27939.832609663423	27366.09094704293	27532.26307143219	27952.769629301984	27263.67346324493	27904.3381367502	27558.837869484883	27615.01625083389	27004.52949073832	27314.46509131401	26729.500254868708	27239.671475317107	27667.32749873139	27248.605406221588	27808.77659053129	28695.41091014323	28020.87397031906	26767.662963584466	27010.28093222804	27180.44087521899	26485.85642401511	27071.54239280351	26825.96388954445	27334.54647395478	27433.21082546459	27772.08337550593	27570.672151102168	26778.668731901245	26677.499369315257	27099.01599297253	26875.61613539864	27307.09368438512	27345.67296091288	26840.27424776047	26914.54273160684	26827.476791280635	27227.630002514205	26644.68636858674	27145.23667391872	27399.49701263941	27266.86136062348	27150.463395568346	26559.404865595847	26694.494945047256	28338.50300097649
MAR08777_pos	27631.55822636212	27316.46500650426	27679.778046269308	28380.389088184984	28168.103447381203	28298.680861976623	28368.2762208448	28173.05351336848	27943.367136157467	28156.970781633237	28602.905416256675	27870.78346102619	27532.35497720388	27494.077734031296	27916.166871184807	28355.03271525822	27964.12302311876	28221.96854347414	28901.801492736853	28111.04279674492	27334.53533785816	27755.55506131144	27771.595458184864	27265.747892463125	27614.283515391944	27819.165999560773	28059.47952018456	28091.12146051977	28130.03040896508	28059.77821520624	27583.55955524409	27436.120781492104	28043.63742884443	27527.211155745947	28091.507321256835	28001.22585595484	27705.744852808795	27596.43597245739	27330.62940103637	28025.93166158697	27258.214946661283	27582.8740441641	28076.348403372536	27504.542910671	27758.48335036297	27277.609037041715	27381.22824301527	28457.01477095016
MAR08778_pos	27631.55822636212	27316.46500650426	27679.778046269308	28380.389088184984	28168.103447381203	28298.680861976623	28368.2762208448	28173.05351336848	27943.367136157467	28156.970781633237	28602.905416256675	27870.78346102619	27532.35497720388	27494.077734031296	27916.166871184807	28355.03271525822	27964.12302311876	28221.96854347414	28901.801492736853	28111.04279674492	27334.53533785816	27755.55506131144	27771.595458184864	27265.747892463125	27614.283515391944	27819.165999560773	28059.47952018456	28091.12146051977	28130.03040896508	28059.77821520624	27583.55955524409	27436.120781492104	28043.63742884443	27527.211155745947	28091.507321256835	28001.22585595484	27705.744852808795	27596.43597245739	27330.62940103637	28025.93166158697	27258.214946661283	27582.8740441641	28076.348403372536	27504.542910671	27758.48335036297	27277.609037041715	27381.22824301527	28457.01477095016
MAR08779_pos	6798.3302867562925	6648.989148435567	7373.392531937678	7058.305118976399	7241.923157423436	7254.907759587628	6619.496980420216	7417.169848753415	7193.109184686484	7094.063301506158	6075.330362965595	6503.706794864291	6843.411735401042	6522.776194060423	7319.367729967789	6744.428070491021	6778.878806742308	7408.328418468452	7428.904104296653	7418.213462857244	6767.422155202236	6685.392512040929	6450.007185866909	6643.333356401768	7213.850356488074	6228.200449476446	7023.033862024893	7146.39127087637	6802.202056283393	7161.087726724993	7048.244281390065	6615.474443669462	6773.949831987281	5934.11665389207	7201.705874533226	7072.48768967142	6549.770647765852	6710.689164272806	6756.235333720155	6525.530765488056	6547.509009633872	7200.050275566809	6638.05518766724	6287.277791398556	6619.5739738033935	6359.564715022157	6575.014364095724	7377.448762129192
MAR08780_pos	20665.87651932819	20343.46546616797	20551.411760513674	21042.120963243025	20930.4817221068	21045.08582795207	21228.498210192512	20840.9794398554	21056.466402883994	20942.396914232315	21036.773881729245	20532.461538100342	20782.676458048078	20685.17708821589	20853.8417000872	21375.839923353025	20617.10769221563	21226.7775663496	21449.3674762704	21247.620581727177	20478.76149141193	20750.27090209835	20842.21807388123	20284.917825663822	20790.61678356973	20556.46906913378	20982.38033541011	21028.32181592468	21005.68357736796	21223.44990118489	20496.27306549708	20475.191442273623	20746.77727393437	20708.54245321446	21004.314136791563	20515.50961753868	20612.193867507	20538.93798166842	20499.9413404916	20848.45587691769	20385.444201543592	20519.25589513689	21036.20270004405	20575.294113739885	20580.611975638305	20552.71638769529	20595.84809761108	21215.33949024304
MAR08781_pos	16873.7721695502	16480.100527307295	16932.642253772497	17201.511463783296	17069.949152654775	17451.20283496192	17009.050747389232	17271.089509289326	17349.200663960673	16896.4051652859	17372.77395809377	17037.042940927444	16952.669790860262	16470.39586059189	17587.445721202035	17261.04836374979	17470.181843600378	17523.49098735294	17783.780985980768	17741.88649752747	16592.515406759885	17022.15283389102	16922.972241005256	16403.360024330057	16851.7000709601	16593.626899207768	17004.879262520044	17239.754620509066	16712.145143570626	17417.176305382858	16782.73194809278	16939.61129463606	16766.901851686263	16737.880378772825	17547.050572076765	16691.827558214194	17178.330917716266	16698.4808941644	16660.236736780556	17323.573169419946	16385.37162482728	16684.655353335158	17475.89363506203	16155.62638248825	17061.92110218953	16813.08066914325	16856.860958762947	17624.220195971244
MAR08782_pos	16789.758903564732	16351.852031626617	16864.08562359324	17110.925426266986	16990.154150285765	17249.939902300506	16796.20583209523	16947.93669835367	17053.43014456786	16815.790298644777	17155.232172709908	16885.227034010644	16794.994363082813	16391.551967735475	17398.84114342828	17045.14645474281	17134.42601560912	17435.391265293827	17582.811858743557	17693.40026426498	16485.552003276476	16822.652532364198	16729.899440955058	16264.44770320424	16642.814053073926	16520.4181027543	16798.54949860986	16928.3075602614	16642.428289837735	17205.20867181572	16636.880043533478	16848.26594576855	16696.96565460951	16463.27690482923	17329.353367144115	16481.54963756231	17103.431975797575	16600.667118050053	16604.533927543882	17229.90447890825	16233.674736819225	16537.380698129917	17429.60667259127	16062.121390431115	17005.61004371776	16623.608969780384	16649.939812992423	17564.283978677828
MAR08981_neg	5950.192619524289	5491.701722393186	5731.934179775612	5973.764771884619	5704.851677673789	5839.227501592308	5586.2092815383685	6248.1312607922	6210.23550694529	5551.594694151791	5957.3255532784815	6241.219714175433	6003.667645717298	5658.38466180722	6321.534132260705	5819.613010794283	6302.829501433782	6512.708683783606	6234.396940294262	5957.730799108085	5541.10892348823	5977.98111131357	5488.578285982065	5449.291234519582	5808.528183336553	5898.699633238319	5796.36487588116	5337.460438050289	5597.8013893149855	5687.963653106364	5668.020749513582	5876.695624817912	5611.185255611973	5602.7200924183735	5847.78417163956	5240.594678653635	6039.891008497031	5427.011907042624	5520.902590419088	5742.7122523796415	5568.260653028407	6052.711517414242	6282.960931127277	5623.447921653433	5558.785063519184	6210.21951974211	5740.576437911931	6280.218843303388
MAR08981_pos	5950.192619524289	5491.701722393186	5731.934179775612	5973.764771884619	5704.851677673789	5839.227501592308	5586.2092815383685	6248.1312607922	6210.23550694529	5551.594694151791	5957.3255532784815	6241.219714175433	6003.667645717298	5658.38466180722	6321.534132260705	5819.613010794283	6302.829501433782	6512.708683783605	6234.396940294262	5957.730799108085	5541.108923488229	5977.981111313571	5488.578285982065	5449.291234519582	5808.528183336553	5898.699633238319	5796.36487588114	5337.460438050288	5597.8013893149855	5687.963653106364	5668.020749513583	5876.695624817912	5611.185255611973	5602.7200924183735	5847.78417163956	5240.594678653635	6039.891008497031	5427.011907042624	5520.902590419088	5742.712252379642	5568.260653028407	6052.711517414242	6282.960931127277	5623.447921653433	5558.785063519184	6210.21951974211	5740.576437911932	6280.218843303388
MAR11421_pos	22113.953112224142	21085.45743579346	21193.783308512902	21962.227901878672	22008.83932695924	22586.311059543677	21724.281925659	21976.597403015832	22105.52933996569	21248.94423466281	22083.1425870928	21550.916047404327	21689.571016689493	21022.59776388188	22244.020842876325	22329.92653791399	21590.235901277854	22581.51122064076	21987.41660403953	22198.65147429931	21066.24166547277	21626.4984677472	21575.612266954628	21665.78927296622	21900.193066371303	21530.69820948441	21580.76868861648	22005.06289371559	21957.708416446552	21671.41790181459	21257.500835906107	21552.956935262147	21327.73307342132	21382.787056680987	21897.66370729993	21320.486322642115	21320.52550288633	21206.654524451504	21101.39776648742	21121.3017586216	20940.735449257107	20765.664432019174	21747.26601761862	21471.081839692582	21317.44668491902	21932.696204348325	21693.63199887473	22078.516525791096
MAR20035_pos	0.0	0.0	0.0	0.0	0.0	0.0	0.0	0.0	0.0	0.0	0.0	0.0	0.0	0.0	0.0	0.0	0.0	0.0	0.0	0.0	0.0	0.0	0.0	0.0	0.0	0.0	0.0	0.0	0.0	0.0	0.0	0.0	0.0	0.0	0.0	0.0	0.0	0.0	0.0	0.0	0.0	0.0	0.0	0.0	0.0	0.0	0.0	0.0
MAR20036_pos	0.0	0.0	0.0	0.0	0.0	0.0	0.0	0.0	0.0	0.0	0.0	0.0	0.0	0.0	0.0	0.0	0.0	0.0	0.0	0.0	0.0	0.0	0.0	0.0	0.0	0.0	0.0	0.0	0.0	0.0	0.0	0.0	0.0	0.0	0.0	0.0	0.0	0.0	0.0	0.0	0.0	0.0	0.0	0.0	0.0	0.0	0.0	0.0
MAR20037_pos	0.0	0.0	0.0	0.0	0.0	0.0	0.0	0.0	0.0	0.0	0.0	0.0	0.0	0.0	0.0	0.0	0.0	0.0	0.0	0.0	0.0	0.0	0.0	0.0	0.0	0.0	0.0	0.0	0.0	0.0	0.0	0.0	0.0	0.0	0.0	0.0	0.0	0.0	0.0	0.0	0.0	0.0	0.0	0.0	0.0	0.0	0.0	0.0
MAR20040_pos	0.0	0.0	0.0	0.0	0.0	0.0	0.0	0.0	0.0	0.0	0.0	0.0	0.0	0.0	0.0	0.0	0.0	0.0	0.0	0.0	0.0	0.0	0.0	0.0	0.0	0.0	0.0	0.0	0.0	0.0	0.0	0.0	0.0	0.0	0.0	0.0	0.0	0.0	0.0	0.0	0.0	0.0	0.0	0.0	0.0	0.0	0.0	0.0
MAR20041_pos	0.0	0.0	0.0	0.0	0.0	0.0	0.0	0.0	0.0	0.0	0.0	0.0	0.0	0.0	0.0	0.0	0.0	0.0	0.0	0.0	0.0	0.0	0.0	0.0	0.0	0.0	0.0	0.0	0.0	0.0	0.0	0.0	0.0	0.0	0.0	0.0	0.0	0.0	0.0	0.0	0.0	0.0	0.0	0.0	0.0	0.0	0.0	0.0
MAR20042_pos	0.0	0.0	0.0	0.0	0.0	0.0	0.0	0.0	0.0	0.0	0.0	0.0	0.0	0.0	0.0	0.0	0.0	0.0	0.0	0.0	0.0	0.0	0.0	0.0	0.0	0.0	0.0	0.0	0.0	0.0	0.0	0.0	0.0	0.0	0.0	0.0	0.0	0.0	0.0	0.0	0.0	0.0	0.0	0.0	0.0	0.0	0.0	0.0
MAR20043_pos	0.0	0.0	0.0	0.0	0.0	0.0	0.0	0.0	0.0	0.0	0.0	0.0	0.0	0.0	0.0	0.0	0.0	0.0	0.0	0.0	0.0	0.0	0.0	0.0	0.0	0.0	0.0	0.0	0.0	0.0	0.0	0.0	0.0	0.0	0.0	0.0	0.0	0.0	0.0	0.0	0.0	0.0	0.0	0.0	0.0	0.0	0.0	0.0
MAR20069_pos	23716.647988533008	22701.58459264104	22858.308200393563	22575.24650099786	23007.888748562706	24031.9098210546	23280.28222168021	23510.67123378149	23894.737723515624	22808.209023557632	22952.12386483541	23274.002652389383	22706.07985710037	22927.458018010348	24138.793357651703	24153.917400046397	23401.067054991105	23961.13555945561	23930.575257826345	24527.988364183155	23088.45916057169	23381.42266474506	23530.19289410686	23473.542197702143	23486.58587890855	22694.26012247655	23725.808831739243	23737.00909076956	23142.614088996077	23237.652192695936	23250.702681445957	22977.546570924183	22870.74026299528	23015.842484215747	23906.028970421397	23327.82743869236	23002.13643325269	22777.67514378849	23045.7440205335	22818.5771259128	22698.47049333318	22299.511081845136	23013.909507854536	22883.63259144207	23573.696583003904	22749.107865370715	23139.962930051115	24239.32880415163
